"titleID","altTitleID"
"T22838","T10063"
"T42114","T10063"
"T42517","T10063"
"T42520","T10063"
"T22634","T10099"
"T7550","T10099"
"T43238","T10101"
"T41247","T10110"
"T1022","T1017"
"T18501","T10173"
"T19207","T10184"
"T11679","T10203"
"T5594","T10203"
"T8374","T10203"
"T41423","T10234"
"T5735","T10234"
"T7556","T10238"
"T41812","T10285"
"T10307","T10306"
"T4170","T10326"
"T10994","T10349"
"T42515","T10354"
"T42522","T10354"
"T41183","T10376"
"T42017","T10450"
"T3254","T10457"
"T12017","T10461"
"T41536","T10462"
"T40859","T10477"
"T41058","T10477"
"T40962","T1049"
"T42296","T10491"
"T22504","T1050"
"T20121","T10501"
"T43182","T10501"
"T8133","T10502"
"T41580","T10525"
"T9630","T10566"
"T40950","T10583"
"T10912","T10612"
"T22303","T10612"
"T940","T10612"
"T41145","T10614"
"T42005","T1063"
"T43241","T10656"
"T13089","T10660"
"T41072","T10660"
"T41075","T10660"
"T43290","T10660"
"T41218","T10726"
"T1864","T10794"
"T1211","T10811"
"T11184","T10813"
"T40850","T10813"
"T41424","T10822"
"T41999","T10822"
"T5196","T10822"
"T11291","T10843"
"T13995","T10843"
"T4358","T10894"
"T16261","T10895"
"T18555","T10895"
"T18556","T10895"
"T626","T10895"
"T17569","T10896"
"T18777","T1095"
"T41224","T10967"
"T43264","T1097"
"T11541","T1103"
"T41262","T1103"
"T43078","T11055"
"T10591","T11057"
"T41899","T11057"
"T14481","T11083"
"T41257","T11183"
"T41258","T11183"
"T43301","T11228"
"T16482","T11254"
"T42218","T11268"
"T8942","T11268"
"T16759","T11287"
"T41320","T11288"
"T40936","T11289"
"T9051","T11341"
"T42421","T11348"
"T7845","T11348"
"T43285","T11361"
"T1439","T11364"
"T12938","T11365"
"T22822","T11365"
"T40854","T11365"
"T19104","T11387"
"T42058","T11402"
"T11532","T11448"
"T42006","T11460"
"T21675","T1149"
"T22549","T1149"
"T11539","T11538"
"T41263","T11543"
"T41184","T11544"
"T41185","T11544"
"T41264","T11547"
"T9995","T11551"
"T41772","T11612"
"T3593","T11682"
"T9935","T11792"
"T14087","T11826"
"T40985","T11826"
"T7869","T11826"
"T41089","T1185"
"T10219","T11851"
"T21200","T11855"
"T10554","T11904"
"T42009","T11906"
"T41970","T11922"
"T11937","T11936"
"T41274","T11999"
"T43190","T12022"
"T41062","T12029"
"T41307","T12037"
"T41014","T12052"
"T8730","T12112"
"T5293","T12142"
"T13277","T12168"
"T2651","T12168"
"T10117","T12171"
"T10977","T1219"
"T23734","T1219"
"T40858","T1219"
"T41292","T1219"
"T41293","T1219"
"T43156","T1219"
"T12216","T12215"
"T19291","T12215"
"T42188","T12219"
"T521","T1222"
"T41960","T12250"
"T41265","T12297"
"T41266","T12299"
"T41041","T12326"
"T12341","T12340"
"T41029","T12343"
"T22576","T12345"
"T42529","T12355"
"T2890","T1237"
"T40863","T1241"
"T43176","T12504"
"T12515","T12516"
"T42069","T12532"
"T42070","T12532"
"T22341","T1257"
"T18884","T12601"
"T41128","T12611"
"T41134","T12614"
"T41136","T12615"
"T42201","T12623"
"T41249","T12673"
"T41144","T12690"
"T43181","T12722"
"T12041","T12726"
"T41114","T12726"
"T41192","T12736"
"T41216","T12791"
"T41238","T12793"
"T5678","T12816"
"T21280","T12817"
"T6876","T12853"
"T11082","T12876"
"T41108","T12878"
"T41220","T12928"
"T41158","T13004"
"T41771","T13016"
"T41773","T13017"
"T41250","T13033"
"T43206","T13040"
"T43207","T13040"
"T43222","T13040"
"T41261","T13043"
"T41074","T13071"
"T41076","T13075"
"T41077","T13076"
"T41084","T13079"
"T14092","T13084"
"T41777","T13091"
"T41778","T13093"
"T14445","T13104"
"T41313","T13104"
"T43276","T13134"
"T5607","T13139"
"T41096","T13146"
"T41098","T13146"
"T41099","T13151"
"T41101","T13157"
"T41102","T13158"
"T41103","T13163"
"T41194","T13178"
"T41235","T13215"
"T41236","T13217"
"T3968","T13223"
"T6466","T13247"
"T13839","T13248"
"T9009","T13278"
"T41245","T13281"
"T40855","T13321"
"T41054","T13321"
"T41890","T13330"
"T41275","T1334"
"T5624","T1334"
"T41823","T13347"
"T40931","T13350"
"T41129","T13364"
"T41130","T13365"
"T41131","T13366"
"T41132","T13367"
"T41133","T13368"
"T41135","T13370"
"T41137","T13372"
"T41138","T13373"
"T7789","T13471"
"T40875","T1350"
"T41177","T13530"
"T41139","T13535"
"T13539","T13538"
"T41972","T13541"
"T41973","T13542"
"T13353","T13557"
"T40902","T13590"
"T40997","T13590"
"T41806","T13594"
"T15686","T13596"
"T41217","T13599"
"T2433","T13610"
"T41713","T13621"
"T41239","T1363"
"T9666","T1363"
"T41202","T13639"
"T41203","T13641"
"T41204","T13642"
"T41205","T13644"
"T41206","T13645"
"T41207","T13646"
"T41208","T13647"
"T41209","T13648"
"T41210","T13649"
"T41212","T13650"
"T41213","T13651"
"T41214","T13651"
"T41215","T13652"
"T3335","T13704"
"T41770","T13717"
"T15441","T1372"
"T41230","T13722"
"T14543","T13724"
"T41233","T13754"
"T41234","T13755"
"T4361","T1380"
"T9419","T13820"
"T40853","T13846"
"T43134","T13846"
"T41774","T13865"
"T43239","T13885"
"T4341","T13896"
"T22589","T13937"
"T22590","T13937"
"T22591","T13937"
"T14197","T13939"
"T21437","T13939"
"T41105","T1395"
"T41201","T13977"
"T41884","T14039"
"T41885","T14044"
"T22818","T14093"
"T41270","T14094"
"T41061","T14095"
"T41115","T14096"
"T42149","T14160"
"T4343","T14163"
"T41775","T14189"
"T41776","T14190"
"T218","T14214"
"T9551","T14214"
"T41838","T14241"
"T41739","T14325"
"T41751","T14327"
"T41231","T14350"
"T41518","T14368"
"T41971","T14370"
"T40909","T144"
"T1314","T1446"
"T18596","T14547"
"T1529","T1456"
"T8070","T1456"
"T41120","T14571"
"T41121","T14572"
"T41122","T14573"
"T41123","T14574"
"T41124","T14575"
"T41125","T14577"
"T41840","T14610"
"T9562","T1466"
"T41126","T14674"
"T41127","T14675"
"T40890","T1470"
"T41186","T14721"
"T41833","T14725"
"T42983","T1478"
"T41974","T14822"
"T41195","T14854"
"T41196","T14855"
"T41197","T14856"
"T41198","T14857"
"T41199","T14858"
"T41200","T14859"
"T41872","T14860"
"T17406","T1489"
"T41887","T14928"
"T42089","T14955"
"T10961","T14959"
"T42042","T14981"
"T42043","T14982"
"T42044","T14982"
"T35970","T14985"
"T14125","T15042"
"T41768","T15051"
"T41815","T15053"
"T41994","T15059"
"T42002","T15066"
"T42003","T15067"
"T692","T1507"
"T1508","T1509"
"T16988","T1509"
"T43246","T1509"
"T43253","T1509"
"T24010","T15164"
"T22826","T15230"
"T42335","T15230"
"T41308","T1525"
"T15353","T15262"
"T35235","T1527"
"T6746","T15279"
"T6780","T15279"
"T41976","T15309"
"T14222","T1532"
"T41223","T15393"
"T41232","T15398"
"T41967","T15430"
"T41831","T15494"
"T41140","T15520"
"T41141","T15521"
"T23570","T15534"
"T16053","T15556"
"T15557","T15558"
"T21591","T15562"
"T41804","T15575"
"T41805","T15576"
"T10637","T15589"
"T41816","T15589"
"T15007","T15606"
"T15607","T15608"
"T42028","T15608"
"T41935","T15618"
"T41936","T15619"
"T41980","T1562"
"T41937","T15620"
"T42678","T1569"
"T42872","T1569"
"T7492","T1569"
"T41454","T15742"
"T13105","T1582"
"T8135","T1582"
"T41841","T15820"
"T41508","T15843"
"T41944","T15907"
"T41945","T15908"
"T41814","T15925"
"T41842","T15931"
"T41955","T15965"
"T41975","T15986"
"T42041","T16003"
"T41091","T1603"
"T41092","T1603"
"T40913","T16044"
"T41925","T16044"
"T15609","T16046"
"T16048","T16049"
"T16050","T16051"
"T16052","T16054"
"T385","T16090"
"T16140","T16091"
"T41946","T16092"
"T41947","T16093"
"T41948","T16094"
"T41949","T16095"
"T41950","T16096"
"T41951","T16097"
"T41952","T16098"
"T42222","T16234"
"T42223","T16235"
"T42224","T16236"
"T42225","T16237"
"T42226","T16239"
"T16319","T16320"
"T3349","T1637"
"T43259","T1641"
"T43260","T1642"
"T16429","T16430"
"T16431","T16432"
"T42870","T16445"
"T41913","T16501"
"T41914","T16501"
"T41915","T16501"
"T36656","T16573"
"T23206","T16608"
"T22525","T16689"
"T43261","T1669"
"T4616","T16776"
"T41579","T16779"
"T41933","T16780"
"T41934","T16781"
"T41938","T16791"
"T41939","T16795"
"T41888","T16852"
"T19595","T16886"
"T42351","T16898"
"T41363","T16912"
"T42088","T16931"
"T5208","T16941"
"T42299","T17012"
"T42976","T17037"
"T42977","T17038"
"T43194","T1704"
"T43310","T1704"
"T4710","T17045"
"T7100","T1706"
"T42229","T17076"
"T42230","T17077"
"T42231","T17078"
"T42438","T17135"
"T42684","T17149"
"T42202","T17162"
"T16851","T17184"
"T42297","T17234"
"T35863","T17247"
"T18262","T17256"
"T42227","T17304"
"T42228","T17305"
"T42413","T17306"
"T42215","T17403"
"T42217","T17403"
"T42247","T17482"
"T42245","T17483"
"T8636","T17484"
"T42244","T17485"
"T42248","T17486"
"T42249","T17487"
"T42250","T17489"
"T42251","T17490"
"T42252","T17491"
"T42253","T17493"
"T42254","T17494"
"T42255","T17494"
"T42256","T17495"
"T42257","T17496"
"T42258","T17497"
"T42259","T17497"
"T42260","T17498"
"T42261","T17499"
"T18498","T17500"
"T42262","T17501"
"T42436","T17571"
"T42447","T17571"
"T1555","T17578"
"T4350","T1763"
"T40996","T1767"
"T43245","T1768"
"T16215","T17728"
"T1331","T17777"
"T3336","T17864"
"T43252","T17893"
"T41645","T17917"
"T42979","T17995"
"T42981","T17996"
"T42978","T18039"
"T36656","T1804"
"T21642","T18135"
"T42982","T18135"
"T18980","T18145"
"T5707","T18181"
"T41839","T1830"
"T3355","T1833"
"T41067","T1833"
"T1252","T18351"
"T22092","T18351"
"T41828","T1840"
"T43305","T1840"
"T42803","T18400"
"T21345","T18412"
"T43286","T18415"
"T40998","T18559"
"T1063","T18604"
"T14066","T1865"
"T6644","T1865"
"T41153","T18717"
"T41898","T18744"
"T41911","T18783"
"T41912","T18783"
"T18011","T18792"
"T4575","T18793"
"T42742","T18838"
"T43333","T1900"
"T1138","T1909"
"T4870","T19126"
"T42995","T19130"
"T12454","T19140"
"T19590","T19156"
"T4012","T19218"
"T40999","T19218"
"T42975","T19345"
"T41991","T194"
"T43135","T194"
"T10597","T1943"
"T12578","T1943"
"T41117","T1943"
"T43255","T1943"
"T43256","T1943"
"T9613","T1943"
"T7051","T1952"
"T40911","T19626"
"T4037","T19652"
"T42143","T19652"
"T42530","T1972"
"T3074","T198"
"T42873","T19826"
"T3481","T19863"
"T42027","T19876"
"T1992","T1991"
"T1993","T1991"
"T22713","T1991"
"T40977","T1995"
"T42068","T1995"
"T43120","T19959"
"T5486","T19959"
"T43291","T1997"
"T4370","T20063"
"T41926","T20068"
"T4376","T20068"
"T21516","T20092"
"T2990","T20118"
"T8657","T20119"
"T41981","T2015"
"T42073","T2016"
"T42200","T2020"
"T2041","T2042"
"T2679","T2042"
"T2680","T2042"
"T2865","T2042"
"T2608","T2043"
"T41929","T20571"
"T2060","T2058"
"T2061","T2058"
"T42974","T20621"
"T41155","T2065"
"T41156","T2068"
"T41251","T2069"
"T43198","T2096"
"T41017","T2097"
"T42768","T2097"
"T23109","T21024"
"T42024","T21028"
"T8730","T21035"
"T2114","T2112"
"T41295","T21161"
"T42134","T21171"
"T42063","T21207"
"T42442","T2121"
"T43177","T21229"
"T42203","T21237"
"T42205","T21239"
"T42206","T21240"
"T43133","T2125"
"T42513","T21294"
"T42528","T21294"
"T7060","T21294"
"T16451","T21310"
"T40889","T21332"
"T43268","T21358"
"T40849","T21398"
"T10607","T2154"
"T41900","T2154"
"T4421","T21560"
"T5061","T21598"
"T5665","T21611"
"T40861","T21679"
"T41051","T21728"
"T42443","T21728"
"T2180","T2181"
"T40984","T21827"
"T43155","T21828"
"T22961","T21845"
"T22962","T21845"
"T21852","T21853"
"T8584","T2186"
"T41623","T21876"
"T10480","T21900"
"T1665","T2194"
"T41697","T2194"
"T40882","T21964"
"T40881","T21966"
"T41022","T22045"
"T5782","T22186"
"T15444","T2224"
"T21190","T2227"
"T2674","T2227"
"T4626","T2227"
"T41311","T22272"
"T40928","T22339"
"T42010","T22529"
"T41259","T2254"
"T41260","T2254"
"T7438","T2254"
"T43321","T22574"
"T5115","T22635"
"T40951","T2267"
"T40968","T2267"
"T42769","T22709"
"T11410","T22719"
"T4342","T22848"
"T42152","T2287"
"T43267","T2291"
"T43263","T22916"
"T40865","T22980"
"T9682","T22980"
"T20821","T2301"
"T12505","T23010"
"T7389","T23010"
"T14882","T23024"
"T9838","T23026"
"T41314","T23030"
"T43312","T23035"
"T21024","T23109"
"T23171","T23170"
"T43152","T23170"
"T23224","T23223"
"T41921","T23223"
"T8971","T23223"
"T217","T23225"
"T4731","T23234"
"T41969","T23239"
"T40885","T23287"
"T8849","T23435"
"T41927","T23457"
"T40871","T23486"
"T40864","T23498"
"T42199","T23498"
"T40892","T23500"
"T40880","T23504"
"T43315","T23547"
"T3982","T23594"
"T41237","T2366"
"T4348","T2367"
"T11006","T23760"
"T41996","T23773"
"T20779","T23776"
"T43153","T23778"
"T41834","T23838"
"T41152","T2391"
"T41056","T2393"
"T43316","T2393"
"T6240","T2393"
"T18084","T2404"
"T41535","T2408"
"T14623","T2422"
"T41294","T2463"
"T42980","T2492"
"T41855","T2510"
"T43336","T2512"
"T43337","T2512"
"T16880","T2565"
"T41042","T2565"
"T9213","T2610"
"T19594","T2612"
"T13694","T2631"
"T41764","T2652"
"T42175","T2675"
"T42174","T2677"
"T4617","T2678"
"T41547","T2704"
"T43304","T2730"
"T11138","T2746"
"T2745","T2746"
"T40920","T2753"
"T40981","T2753"
"T17319","T2754"
"T41003","T2776"
"T41093","T2777"
"T43277","T2777"
"T7633","T2777"
"T20976","T2798"
"T41086","T2798"
"T43209","T2798"
"T23247","T2799"
"T41961","T2817"
"T10122","T2891"
"T40896","T2897"
"T43318","T2897"
"T40860","T2899"
"T11941","T2905"
"T19238","T2907"
"T43331","T2907"
"T20571","T2937"
"T40966","T2963"
"T3176","T2977"
"T41502","T2977"
"T43166","T2983"
"T43317","T2985"
"T40852","T2997"
"T14884","T3022"
"T3361","T3039"
"T3991","T3057"
"T41082","T3057"
"T14923","T3084"
"T11643","T3088"
"T10659","T3092"
"T41521","T3098"
"T13707","T3104"
"T5720","T3114"
"T3411","T3115"
"T41094","T3115"
"T40904","T3131"
"T14639","T3159"
"T43272","T3159"
"T21124","T3180"
"T23936","T3180"
"T41451","T319"
"T22963","T320"
"T43254","T3202"
"T41555","T3235"
"T11704","T3244"
"T41863","T3297"
"T41269","T3305"
"T18557","T3343"
"T7031","T3357"
"T18788","T3386"
"T19141","T3386"
"T41078","T3386"
"T42740","T3386"
"T41809","T3390"
"T15264","T3391"
"T21737","T3418"
"T2379","T3418"
"T43150","T3480"
"T40840","T3506"
"T11605","T3564"
"T43342","T3594"
"T3088","T36048"
"T40870","T3640"
"T10658","T3657"
"T43346","T3657"
"T782","T3657"
"T40965","T3661"
"T41533","T3676"
"T42518","T3684"
"T42525","T3684"
"T1564","T373"
"T1566","T373"
"T41844","T3735"
"T7988","T3735"
"T1408","T3747"
"T42007","T3761"
"T20218","T3815"
"T40914","T3815"
"T41013","T3828"
"T43158","T386"
"T41246","T3931"
"T42868","T3953"
"T41104","T3992"
"T10173","T4036"
"T3481","T4066"
"T5717","T40842"
"T22129","T40851"
"T7044","T40851"
"T3481","T40930"
"T12010","T40973"
"T15590","T40973"
"T12707","T41064"
"T19257","T41117"
"T14569","T41118"
"T14570","T41119"
"T1816","T41225"
"T41813","T4125"
"T13704","T41271"
"T9217","T41297"
"T41315","T41322"
"T31366","T41323"
"T41330","T41329"
"T11944","T41343"
"T14293","T41346"
"T16969","T41362"
"T41366","T41365"
"T41367","T41365"
"T19017","T41423"
"T41430","T41429"
"T41447","T41449"
"T41448","T41450"
"T8539","T41465"
"T2595","T41470"
"T41484","T41482"
"T41485","T41482"
"T21356","T41501"
"T16029","T41517"
"T41527","T41528"
"T17660","T41545"
"T42496","T4156"
"T41570","T41569"
"T23071","T41586"
"T41759","T41758"
"T41807","T41763"
"T9826","T41796"
"T41808","T41797"
"T22283","T41857"
"T22335","T41857"
"T23561","T41857"
"T23562","T41857"
"T23844","T41897"
"T23929","T41897"
"T10580","T41903"
"T41904","T41903"
"T18752","T41907"
"T41957","T41956"
"T15431","T41968"
"T41989","T41988"
"T14174","T41990"
"T42013","T42012"
"T42052","T42051"
"T42078","T42077"
"T15345","T42098"
"T42132","T42131"
"T43163","T42143"
"T42147","T42146"
"T42164","T42163"
"T42165","T42163"
"T42176","T42173"
"T42178","T42177"
"T42180","T42179"
"T42182","T42181"
"T42187","T42186"
"T42190","T42189"
"T42193","T42192"
"T42194","T42192"
"T42197","T42198"
"T42210","T42209"
"T42214","T42213"
"T16833","T42219"
"T16837","T42220"
"T16225","T42221"
"T41193","T42234"
"T16836","T42239"
"T16838","T42240"
"T16839","T42241"
"T16840","T42242"
"T16841","T42243"
"T17481","T42246"
"T17895","T4226"
"T19492","T4226"
"T42301","T42300"
"T16844","T42312"
"T16845","T42313"
"T16846","T42314"
"T17001","T42315"
"T16209","T42316"
"T16211","T42317"
"T16214","T42318"
"T42216","T42319"
"T16842","T42320"
"T42450","T42449"
"T41034","T4246"
"T6911","T42658"
"T6913","T42658"
"T34058","T42675"
"T1372","T42680"
"T4001","T42683"
"T19070","T42731"
"T4283","T4276"
"T19018","T42784"
"T4283","T4281"
"T4359","T4288"
"T19205","T43025"
"T20859","T43026"
"T43078","T43079"
"T43080","T43081"
"T2743","T43082"
"T11855","T43095"
"T12441","T43095"
"T6216","T43099"
"T10656","T43100"
"T5486","T43120"
"T16441","T43131"
"T2498","T43139"
"T6776","T43140"
"T10320","T43160"
"T40958","T43201"
"T14359","T43203"
"T41902","T43219"
"T41905","T43219"
"T41906","T43219"
"T12583","T43235"
"T1945","T43235"
"T42144","T43236"
"T8634","T43237"
"T41227","T43247"
"T40876","T43254"
"T41497","T43262"
"T863","T43309"
"T782","T43346"
"T22659","T4379"
"T7145","T4381"
"T40970","T4391"
"T41052","T4402"
"T4713","T4410"
"T42086","T4411"
"T40971","T4438"
"T43328","T4438"
"T7463","T4452"
"T41116","T4486"
"T40866","T4514"
"T39303","T4545"
"T12507","T4561"
"T43232","T4566"
"T13941","T4578"
"T9367","T4578"
"T40915","T4580"
"T16172","T4636"
"T11014","T4655"
"T13291","T4655"
"T21660","T4655"
"T8364","T4655"
"T40878","T4656"
"T40879","T4657"
"T40873","T4658"
"T40877","T4660"
"T40886","T4663"
"T40868","T4665"
"T40883","T4666"
"T40894","T4667"
"T40874","T4668"
"T40884","T4670"
"T40895","T4671"
"T4678","T4679"
"T8137","T4679"
"T9928","T4679"
"T4686","T4689"
"T41319","T4697"
"T4696","T4697"
"T11046","T4730"
"T5132","T4730"
"T6553","T4730"
"T6631","T4730"
"T6705","T4730"
"T40918","T4740"
"T40869","T4770"
"T40867","T4771"
"T42817","T4809"
"T41966","T4828"
"T4357","T4828"
"T15056","T4836"
"T5604","T4839"
"T4865","T4862"
"T40906","T4941"
"T1843","T4947"
"T19519","T4947"
"T40887","T4950"
"T43078","T4963"
"T21619","T4969"
"T40932","T4969"
"T43210","T4969"
"T42008","T4984"
"T10189","T5004"
"T11977","T5004"
"T4034","T5004"
"T41066","T5004"
"T41069","T5004"
"T41070","T5004"
"T41109","T5004"
"T4545","T5004"
"T4548","T5004"
"T41159","T5007"
"T11881","T5016"
"T4949","T5016"
"T41011","T5032"
"T43161","T5050"
"T41018","T5051"
"T5062","T5060"
"T9277","T5087"
"T10497","T5122"
"T43199","T5122"
"T4347","T5125"
"T41012","T5127"
"T41281","T5127"
"T40946","T5133"
"T42033","T5136"
"T22517","T5137"
"T40910","T5137"
"T5162","T5163"
"T16055","T5199"
"T43326","T5201"
"T40960","T5217"
"T11497","T5227"
"T5229","T5227"
"T15382","T5251"
"T676","T5267"
"T5611","T5288"
"T5613","T5288"
"T41087","T5306"
"T42512","T5306"
"T42526","T5306"
"T13218","T5308"
"T14633","T5329"
"T41174","T5329"
"T3222","T533"
"T42004","T5339"
"T10792","T536"
"T12410","T536"
"T9650","T5363"
"T42869","T541"
"T43275","T542"
"T16537","T5420"
"T20139","T5423"
"T43120","T5486"
"T4349","T5486"
"T40944","T553"
"T43279","T553"
"T41053","T5540"
"T43191","T5540"
"T43221","T5600"
"T1873","T5610"
"T21988","T5610"
"T41107","T5610"
"T43289","T5610"
"T11419","T5612"
"T13402","T5612"
"T41106","T5615"
"T41090","T5616"
"T41005","T5632"
"T2380","T566"
"T3984","T5669"
"T41008","T5669"
"T43162","T5676"
"T43322","T5676"
"T40897","T5690"
"T41009","T5702"
"T41015","T5707"
"T41081","T5707"
"T40891","T5721"
"T5736","T5734"
"T21996","T5744"
"T41922","T5744"
"T18082","T580"
"T10301","T5809"
"T43303","T5830"
"T40872","T5831"
"T40986","T5936"
"T6978","T5936"
"T42083","T5950"
"T40888","T5963"
"T40893","T5983"
"T41983","T5987"
"T43174","T5987"
"T5986","T5987"
"T41021","T6015"
"T43189","T6015"
"T41059","T6050"
"T11186","T6077"
"T4165","T6077"
"T7040","T6077"
"T5547","T6094"
"T21954","T6095"
"T42514","T6096"
"T4993","T6096"
"T15183","T6099"
"T3381","T6099"
"T15294","T6114"
"T43244","T6131"
"T12956","T6136"
"T41088","T6136"
"T6335","T6136"
"T17326","T6145"
"T42324","T6145"
"T4061","T6163"
"T2037","T6166"
"T6216","T6218"
"T6226","T6225"
"T41085","T6233"
"T43188","T6233"
"T6337","T6233"
"T19897","T6255"
"T23930","T6255"
"T41965","T6270"
"T41026","T6330"
"T12923","T6351"
"T41862","T6356"
"T41868","T6356"
"T43226","T6356"
"T14725","T6375"
"T43165","T6375"
"T42819","T6410"
"T6412","T6411"
"T13051","T6416"
"T19084","T6444"
"T41033","T6444"
"T43281","T6444"
"T40846","T6445"
"T40901","T6451"
"T41027","T6451"
"T40953","T6457"
"T40954","T6457"
"T41036","T6461"
"T33656","T6554"
"T41252","T6630"
"T8991","T6630"
"T41030","T6738"
"T18183","T6742"
"T2360","T6743"
"T4724","T6745"
"T8464","T6750"
"T41100","T6769"
"T22736","T6779"
"T40912","T6786"
"T13669","T6804"
"T6863","T6819"
"T13760","T6823"
"T8500","T6823"
"T534","T6855"
"T23277","T6871"
"T40919","T6871"
"T5954","T6871"
"T7101","T6871"
"T14049","T6920"
"T14024","T6923"
"T42510","T6923"
"T42523","T6923"
"T4134","T6928"
"T41516","T6957"
"T43228","T6957"
"T2065","T6958"
"T41154","T6958"
"T43271","T6958"
"T7335","T6958"
"T12453","T6969"
"T4356","T6992"
"T41188","T7013"
"T12926","T7016"
"T41038","T7021"
"T41614","T7033"
"T43306","T7054"
"T43307","T7054"
"T43280","T7061"
"T40980","T7103"
"T22639","T7108"
"T40979","T7108"
"T41028","T7108"
"T43327","T7108"
"T11449","T7142"
"T41285","T7142"
"T42511","T7142"
"T42519","T7142"
"T7495","T7142"
"T16613","T7144"
"T16438","T7149"
"T23626","T7171"
"T4620","T7181"
"T28693","T7184"
"T43138","T7195"
"T40972","T7201"
"T7202","T7201"
"T42904","T7211"
"T4584","T7219"
"T41043","T7231"
"T41219","T7236"
"T15987","T7258"
"T1832","T7269"
"T41930","T7281"
"T3856","T7340"
"T3857","T7340"
"T42118","T7340"
"T9047","T7340"
"T9592","T7346"
"T21731","T7354"
"T5933","T7354"
"T18969","T7355"
"T41889","T7372"
"T42552","T7372"
"T41037","T7373"
"T7965","T7373"
"T23774","T7393"
"T21885","T7398"
"T41142","T7398"
"T43243","T7398"
"T4372","T740"
"T41342","T7403"
"T43343","T7417"
"T41832","T7427"
"T7631","T7427"
"T8181","T7433"
"T18539","T7434"
"T11651","T7465"
"T41299","T7465"
"T41060","T7472"
"T42001","T7483"
"T41080","T7505"
"T43338","T7505"
"T13363","T7509"
"T14766","T7517"
"T22366","T7535"
"T7745","T7540"
"T14788","T7558"
"T12457","T7632"
"T43184","T7632"
"T19604","T7643"
"T17681","T7658"
"T1243","T7681"
"T42122","T7681"
"T3112","T7696"
"T41267","T7696"
"T40929","T7698"
"T11487","T7700"
"T10333","T7715"
"T23095","T7731"
"T3073","T775"
"T13820","T7787"
"T41720","T7787"
"T43299","T7790"
"T14142","T7821"
"T2078","T7852"
"T19466","T7886"
"T1906","T789"
"T233","T7898"
"T20580","T7899"
"T1865","T790"
"T18630","T7901"
"T10359","T793"
"T15238","T793"
"T17595","T7996"
"T2121","T7996"
"T40957","T7996"
"T41253","T7996"
"T41254","T7996"
"T41255","T7996"
"T7997","T7996"
"T19615","T8045"
"T7556","T8051"
"T21401","T8071"
"T43137","T8071"
"T15454","T8073"
"T2197","T8073"
"T40857","T8073"
"T9939","T808"
"T9978","T808"
"T8095","T8084"
"T11501","T811"
"T43148","T8143"
"T41873","T8156"
"T21518","T8176"
"T3494","T8177"
"T3039","T8185"
"T40905","T8206"
"T16373","T8279"
"T22169","T8279"
"T2446","T8279"
"T40955","T8279"
"T41025","T8279"
"T43345","T8279"
"T16164","T8285"
"T1999","T8285"
"T42238","T833"
"T41268","T8354"
"T10656","T837"
"T42072","T8381"
"T42071","T8382"
"T42067","T8391"
"T22857","T8408"
"T4621","T8408"
"T41083","T8427"
"T19592","T8467"
"T41110","T8467"
"T10898","T8531"
"T5436","T8539"
"T19388","T8561"
"T42481","T8561"
"T43297","T8561"
"T7079","T8561"
"T14932","T8585"
"T18558","T8603"
"T14340","T8608"
"T15231","T8613"
"T14364","T8625"
"T14872","T8628"
"T8716","T8708"
"T7396","T8709"
"T21127","T8711"
"T12112","T8730"
"T18787","T8730"
"T22628","T8730"
"T40923","T8731"
"T4562","T8731"
"T20939","T8740"
"T21372","T8795"
"T43273","T8810"
"T41071","T8817"
"T43196","T8817"
"T43185","T8869"
"T40862","T8894"
"T21428","T8900"
"T41822","T8900"
"T41248","T8927"
"T791","T8927"
"T794","T8927"
"T41962","T8949"
"T41963","T8949"
"T43250","T8949"
"T43300","T898"
"T11893","T8992"
"T41811","T8998"
"T42334","T9004"
"T15496","T9022"
"T23924","T9033"
"T41172","T9049"
"T42516","T9052"
"T42521","T9052"
"T40900","T9081"
"T19139","T9141"
"T3649","T9156"
"T43340","T9156"
"T41490","T9179"
"T42053","T9179"
"T23252","T9184"
"T32398","T9184"
"T40956","T9195"
"T43186","T9202"
"T22661","T9223"
"T41226","T9223"
"T41020","T925"
"T43180","T9271"
"T41995","T9273"
"T18633","T932"
"T5836","T932"
"T9340","T9341"
"T42141","T9472"
"T42014","T9494"
"T42015","T9494"
"T5047","T9496"
"T43171","T9555"
"T21666","T9568"
"T41023","T9568"
"T41953","T9568"
"T15932","T9587"
"T10779","T9617"
"T23058","T9623"
"T43233","T9635"
"T9676","T9640"
"T1209","T9664"
"T11613","T9678"
"T9484","T9678"
"T42036","T9695"
"T41147","T9702"
"T41874","T972"
"T41095","T9745"
"T41997","T981"
"T9820","T9885"
"T9822","T9885"
"T13348","T9903"
"T20448","T9922"
"T16434","T9923"
"T41079","T9923"
"T43231","T9923"
"T42468","T9941"
"T42591","T9944"
"T41228","T9956"
"T41229","T9956"
"T18469","T9967"
"T41432","T9972"
"T6092","T9972"
"T4374","T9991"
"T42626","T9994"
