"smid","titleID"
"SM604","T10039"
"SM813","T10039"
"SM520","T10102"
"SM1009","T10116"
"SM1440","T10116"
"SM1445","T10118"
"SM1092","T10226"
"SM934","T10226"
"SM913","T1023"
"SM307","T10317"
"SM1443","T10324"
"SM353","T10453"
"SM1242","T10459"
"SM1391","T10459"
"SM1154","T10466"
"SM443","T10466"
"SM862","T10486"
"SM522","T10530"
"SM523","T10530"
"SM1316","T10537"
"SM562","T10614"
"SM965","T10614"
"SM80","T10638"
"SM1293","T10660"
"SM700","T10710"
"SM124","T10750"
"SM624","T10811"
"SM884","T10878"
"SM797","T10879"
"SM1471","T1093"
"SM245","T10963"
"SM64","T11288"
"SM613","T11364"
"SM1227","T11392"
"SM1097","T11402"
"SM939","T11402"
"SM41","T11448"
"SM296","T1149"
"SM229","T11494"
"SM185","T11498"
"SM564","T11505"
"SM517","T11575"
"SM1284","T11737"
"SM863","T11922"
"SM103","T1201"
"SM1162","T1201"
"SM963","T1201"
"SM1459","T12037"
"SM1441","T12171"
"SM1159","T1219"
"SM74","T1219"
"SM1295","T12212"
"SM1007","T12219"
"SM1427","T12219"
"SM507","T1226"
"SM509","T1228"
"SM831","T12463"
"SM156","T12767"
"SM18","T12767"
"SM298","T1279"
"SM447","T12881"
"SM1205","T1289"
"SM1308","T1289"
"SM1479","T1289"
"SM834","T12928"
"SM314","T12931"
"SM251","T12965"
"SM1334","T13013"
"SM505","T13119"
"SM323","T13222"
"SM704","T13233"
"SM283","T13235"
"SM722","T13316"
"SM1144","T13353"
"SM257","T13401"
"SM206","T13406"
"SM1278","T1341"
"SM78","T1341"
"SM114","T13439"
"SM1465","T13457"
"SM86","T13521"
"SM524","T13524"
"SM242","T13543"
"SM1482","T13556"
"SM1297","T13558"
"SM765","T13578"
"SM641","T13613"
"SM1263","T13696"
"SM1493","T13698"
"SM113","T13704"
"SM5","T13704"
"SM816","T13730"
"SM640","T1374"
"SM1387","T13759"
"SM749","T13759"
"SM211","T13763"
"SM10","T13766"
"SM160","T13766"
"SM693","T13771"
"SM582","T13813"
"SM617","T13905"
"SM389","T13989"
"SM1291","T14066"
"SM537","T14066"
"SM755","T14134"
"SM702","T14227"
"SM1382","T14237"
"SM55","T14245"
"SM1171","T14247"
"SM1290","T14293"
"SM442","T14347"
"SM669","T1446"
"SM609","T14496"
"SM328","T14768"
"SM331","T14768"
"SM73","T14864"
"SM1143","T14871"
"SM354","T14876"
"SM360","T14917"
"SM738","T15042"
"SM1142","T15146"
"SM28","T15183"
"SM404","T15183"
"SM1381","T15205"
"SM1457","T15218"
"SM1458","T15218"
"SM627","T15218"
"SM539","T15353"
"SM483","T15478"
"SM463","T15534"
"SM585","T15570"
"SM119","T15602"
"SM899","T15637"
"SM1439","T15639"
"SM1372","T1565"
"SM880","T15660"
"SM1363","T1569"
"SM391","T1571"
"SM436","T15730"
"SM1178","T15741"
"SM1181","T15741"
"SM1189","T15741"
"SM218","T15742"
"SM1238","T1579"
"SM690","T15827"
"SM1325","T15924"
"SM368","T15983"
"SM1228","T16501"
"SM117","T1656"
"SM1321","T16577"
"SM377","T16591"
"SM828","T16674"
"SM832","T1669"
"SM1004","T16782"
"SM1424","T16782"
"SM363","T16796"
"SM299","T16813"
"SM154","T16884"
"SM1086","T16886"
"SM927","T16886"
"SM1294","T17250"
"SM161","T17252"
"SM1283","T17253"
"SM684","T1738"
"SM774","T1740"
"SM908","T1740"
"6","T17569"
"SM271","T17811"
"SM1373","T17838"
"SM219","T1790"
"SM587","T17917"
"SM1348","T18001"
"SM1282","T18038"
"SM916","T18056"
"SM107","T1810"
"SM730","T1810"
"SM1495","T1816"
"SM1153","T18351"
"SM1220","T18351"
"SM666","T18353"
"SM717","T18381"
"SM1157","T184"
"SM1251","T184"
"SM1310","T184"
"SM138","T184"
"SM697","T184"
"SM836","T184"
"SM1288","T18486"
"SM1488","T1849"
"SM272","T1849"
"SM1115","T18524"
"SM957","T18524"
"SM1389","T18560"
"SM1472","T18713"
"SM1345","T1898"
"SM19","T1898"
"SM1246","T19015"
"SM1292","T19068"
"SM1279","T19071"
"SM1299","T19072"
"SM127","T19098"
"SM1281","T19129"
"SM1300","T19130"
"SM29","T19256"
"SM1245","T19344"
"SM912","T1936"
"SM919","T1943"
"SM1367","T19520"
"SM1306","T19679"
"SM513","T19749"
"SM1103","T1987"
"SM1346","T1987"
"SM945","T1987"
"SM449","T19915"
"SM1344","T1993"
"SM1286","T1996"
"SM1302","T20288"
"SM745","T20319"
"SM715","T20394"
"SM904","T2042"
"SM915","T2042"
"SM1229","T2043"
"SM75","T2043"
"SM1313","T20449"
"SM247","T20544"
"SM1307","T20545"
"SM1390","T20644"
"SM59","T20646"
"SM1386","T20652"
"SM776","T20706"
"SM146","T20738"
"SM359","T20739"
"SM1504","T20982"
"SM1323","T2100"
"SM875","T21019"
"SM112","T21021"
"SM817","T21021"
"SM905","T21028"
"SM306","T21029"
"SM1273","T21066"
"SM501","T21124"
"SM592","T21127"
"SM694","T21145"
"SM1350","T21244"
"SM1354","T21246"
"SM889","T2125"
"SM1175","T21253"
"SM215","T2136"
"SM221","T21519"
"SM1155","T21675"
"SM1169","T21675"
"SM1091","T21686"
"SM933","T21686"
"SM373","T2181"
"1280","T21817"
"SM561","T21853"
"SM1461","T21885"
"SM1463","T21910"
"SM811","T21910"
"SM533","T21976"
"SM97","T22040"
"SM448","T22152"
"SM60","T22210"
"SM1172","T22391"
"SM1204","T22391"
"SM571","T22411"
"SM545","T2256"
"SM1375","T22592"
"SM151","T22690"
"SM152","T22706"
"SM23","T22735"
"SM573","T22747"
"SM1216","T2291"
"SM289","T23070"
"SM642","T23097"
"SM259","T23150"
"SM698","T23550"
"SM99","T23580"
"SM790","T23602"
"SM1096","T23639"
"SM938","T23639"
"SM1207","T23867"
"SM882","T2397"
"SM1156","T2404"
"SM56","T2404"
"SM88","T2404"
"SM110","T2410"
"SM1127","T2410"
"SM502","T2410"
"SM503","T2410"
"SM57","T2410"
"SM58","T2410"
"SM868","T2410"
"SM93","T2410"
"SM892","T2421"
"SM1110","T2431"
"SM952","T2431"
"SM81","T2434"
"SM1252","T2437"
"SM750","T2437"
"SM1006","T24590"
"SM1426","T24590"
"SM1320","T24772"
"SM1187","T2515"
"SM1190","T2520"
"SM364","T2610"
"SM1304","T2676"
"SM310","T2723"
"SM48","T2723"
"SM910","T2730"
"SM1349","T2743"
"SM1116","T2753"
"SM1327","T2753"
"SM327","T2753"
"SM958","T2753"
"SM334","T2754"
"SM1305","T2777"
"SM1232","T2796"
"SM1476","T2796"
"SM1123","T2805"
"SM839","T2805"
"SM1164","T2806"
"SM1498","T2817"
"SM1494","T28749"
"SM123","T2934"
"SM657","T2944"
"SM1464","T2970"
"SM1099","T3014"
"SM186","T3014"
"SM753","T3014"
"SM917","T3014"
"SM941","T3014"
"SM1212","T3039"
"SM1098","T3047"
"SM940","T3047"
"SM1303","T30715"
"SM1126","T3088"
"SM1234","T3088"
"SM1259","T3088"
"SM325","T3088"
"SM326","T3088"
"SM600","T3098"
"SM4","T31366"
"SM1485","T31669"
"SM349","T3199"
"SM1206","T3227"
"SM397","T3235"
"SM181","T3238"
"SM843","T3297"
"SM825","T3305"
"SM409","T3381"
"SM1128","T3386"
"SM601","T3386"
"SM411","T3411"
"SM989","T34181"
"SM1341","T3427"
"SM395","T3449"
"SM387","T3450"
"SM869","T35063"
"SM111","T352"
"SM1119","T352"
"SM1131","T352"
"SM1193","T352"
"SM1224","T352"
"SM819","T352"
"SM961","T352"
"SM1208","T3520"
"SM1105","T3525"
"SM947","T3525"
"SM898","T3568"
"SM1250","T35700"
"SM1355","T36048"
"SM1173","T36183"
"SM620","T3650"
"SM653","T3667"
"SM67","T3667"
"SM1455","T373"
"SM713","T3871"
"SM1262","T38963"
"SM1221","T3912"
"SM1351","T3953"
"SM195","T39591"
"SM633","T39591"
"SM1179","T3993"
"SM1215","T3993"
"SM1114","T4002"
"SM956","T4002"
"SM795","T4005"
"SM625","T4008"
"SM1213","T4036"
"SM1460","T4036"
"SM618","T4073"
"SM122","T40851"
"SM1254","T40943"
"SM801","T40972"
"SM758","T40981"
"SM115","T41097"
"SM1454","T41211"
"SM1084","T41294"
"SM874","T41294"
"SM925","T41294"
"SM1","T41314"
"SM2","T41315"
"SM3","T41316"
"SM6","T41317"
"SM664","T41324"
"SM9","T41324"
"SM12","T41326"
"SM11","T41327"
"SM13","T41328"
"SM14","T41329"
"SM15","T41331"
"SM16","T41332"
"SM17","T41333"
"SM20","T41335"
"SM131","T41336"
"SM21","T41336"
"SM22","T41337"
"SM24","T41338"
"SM25","T41339"
"SM742","T4134"
"SM27","T41340"
"SM30","T41341"
"SM31","T41342"
"SM33","T41344"
"SM34","T41345"
"SM35","T41346"
"SM37","T41347"
"SM39","T41348"
"SM42","T41349"
"SM43","T41350"
"SM44","T41351"
"SM45","T41352"
"SM46","T41353"
"SM49","T41354"
"SM50","T41355"
"SM51","T41356"
"SM52","T41357"
"SM53","T41358"
"SM47","T41360"
"SM63","T41364"
"SM66","T41365"
"SM192","T41368"
"SM70","T41368"
"SM71","T41369"
"SM213","T41370"
"SM90","T41371"
"SM87","T41372"
"SM92","T41373"
"SM94","T41374"
"SM95","T41375"
"SM101","T41376"
"SM104","T41377"
"SM105","T41378"
"SM109","T41380"
"SM125","T41381"
"SM126","T41382"
"SM128","T41383"
"SM132","T41384"
"SM120","T41386"
"SM135","T41387"
"SM378","T41387"
"SM137","T41388"
"SM140","T41389"
"SM139","T41390"
"SM733","T41390"
"SM141","T41391"
"SM142","T41392"
"SM143","T41393"
"SM144","T41394"
"SM145","T41395"
"SM147","T41396"
"SM148","T41397"
"SM149","T41398"
"SM150","T41399"
"SM726","T414"
"SM153","T41400"
"SM155","T41401"
"SM157","T41402"
"SM158","T41403"
"SM159","T41404"
"SM162","T41405"
"SM163","T41406"
"SM164","T41407"
"SM167","T41407"
"SM166","T41410"
"SM168","T41411"
"SM169","T41412"
"SM170","T41413"
"SM171","T41414"
"SM172","T41415"
"SM173","T41416"
"SM175","T41417"
"SM176","T41418"
"SM178","T41419"
"SM179","T41420"
"SM182","T41425"
"SM187","T41426"
"SM188","T41427"
"SM191","T41429"
"SM190","T41431"
"SM196","T41433"
"SM199","T41435"
"SM200","T41436"
"SM201","T41437"
"SM203","T41438"
"SM204","T41439"
"SM207","T41440"
"SM212","T41442"
"SM214","T41443"
"SM216","T41444"
"SM217","T41445"
"SM224","T41446"
"SM209","T41447"
"SM210","T41448"
"SM231","T41452"
"SM233","T41453"
"SM239","T41457"
"SM241","T41458"
"SM243","T41459"
"SM246","T41460"
"SM222","T41461"
"SM235","T41462"
"SM1093","T41463"
"SM240","T41463"
"SM935","T41463"
"SM249","T41464"
"SM250","T41467"
"SM254","T41468"
"SM256","T41469"
"SM258","T41471"
"SM260","T41473"
"SM262","T41474"
"SM265","T41475"
"SM267","T41476"
"SM269","T41477"
"SM273","T41478"
"SM275","T41480"
"SM278","T41481"
"SM280","T41482"
"SM282","T41483"
"SM284","T41486"
"SM291","T41487"
"SM292","T41488"
"SM293","T41489"
"SM294","T41490"
"SM301","T41491"
"SM309","T41493"
"SM312","T41494"
"SM1362","T41495"
"SM304","T41495"
"SM313","T41496"
"SM316","T41498"
"SM317","T41499"
"SM324","T41500"
"SM330","T41501"
"SM332","T41503"
"SM333","T41504"
"SM335","T41505"
"SM336","T41506"
"SM337","T41507"
"SM340","T41509"
"SM1003","T41510"
"SM1423","T41510"
"SM342","T41510"
"SM752","T41510"
"SM343","T41511"
"SM344","T41512"
"SM345","T41513"
"SM346","T41514"
"SM348","T41515"
"SM350","T41523"
"SM352","T41524"
"SM355","T41525"
"SM356","T41526"
"SM358","T41528"
"SM361","T41529"
"SM362","T41530"
"SM372","T41531"
"SM366","T41532"
"SM369","T41536"
"SM370","T41537"
"SM371","T41538"
"SM375","T41539"
"SM376","T41540"
"SM380","T41541"
"SM379","T41542"
"SM384","T41543"
"SM385","T41544"
"SM383","T41545"
"SM386","T41546"
"SM392","T41548"
"SM393","T41549"
"SM390","T41551"
"SM394","T41552"
"SM400","T41553"
"SM403","T41554"
"SM401","T41556"
"SM405","T41557"
"SM406","T41558"
"SM408","T41559"
"SM410","T41560"
"SM415","T41562"
"SM416","T41563"
"SM421","T41565"
"SM422","T41566"
"SM414","T41567"
"SM423","T41568"
"SM424","T41569"
"SM425","T41572"
"SM428","T41573"
"SM432","T41574"
"SM433","T41575"
"SM440","T41582"
"SM438","T41583"
"SM444","T41585"
"SM494","T41586"
"SM490","T41587"
"SM491","T41588"
"SM492","T41589"
"SM495","T41590"
"SM496","T41591"
"SM497","T41592"
"SM498","T41593"
"SM499","T41594"
"SM500","T41595"
"SM504","T41596"
"SM506","T41597"
"SM508","T41598"
"SM510","T41599"
"SM1343","T416"
"SM511","T41600"
"SM512","T41601"
"SM1489","T41602"
"SM514","T41602"
"SM515","T41603"
"SM519","T41604"
"SM464","T41606"
"SM521","T41607"
"SM525","T41608"
"SM526","T41610"
"SM527","T41611"
"SM530","T41615"
"SM531","T41616"
"SM534","T41617"
"SM540","T41619"
"SM541","T41620"
"SM543","T41621"
"SM546","T41622"
"SM553","T41627"
"SM557","T41628"
"SM558","T41629"
"SM559","T41630"
"SM567","T41631"
"SM568","T41632"
"SM569","T41633"
"SM555","T41634"
"SM556","T41635"
"SM575","T41637"
"SM577","T41638"
"SM581","T41639"
"SM578","T41640"
"SM579","T41641"
"SM576","T41642"
"SM584","T41643"
"SM586","T41644"
"SM589","T41646"
"SM590","T41647"
"SM593","T41648"
"SM594","T41649"
"SM595","T41650"
"SM596","T41651"
"SM597","T41652"
"SM603","T41653"
"SM605","T41654"
"SM1359","T41656"
"SM607","T41656"
"SM610","T41657"
"SM608","T41659"
"SM612","T41660"
"SM614","T41661"
"SM615","T41662"
"SM616","T41663"
"SM619","T41664"
"SM621","T41665"
"SM622","T41666"
"SM626","T41667"
"SM629","T41668"
"SM630","T41669"
"SM631","T41670"
"SM632","T41671"
"SM635","T41675"
"SM636","T41676"
"SM637","T41677"
"SM638","T41678"
"SM639","T41680"
"SM646","T41681"
"SM647","T41682"
"SM648","T41683"
"SM651","T41684"
"SM649","T41685"
"SM1146","T41686"
"SM643","T41686"
"SM652","T41687"
"SM656","T41688"
"SM658","T41689"
"SM659","T41690"
"SM661","T41691"
"SM655","T41692"
"SM662","T41693"
"SM663","T41695"
"SM665","T41696"
"SM670","T41697"
"SM672","T41698"
"SM668","T41699"
"SM675","T41700"
"SM676","T41701"
"SM673","T41702"
"SM679","T41705"
"SM682","T41706"
"SM688","T41707"
"SM685","T41708"
"SM686","T41709"
"SM687","T41710"
"SM689","T41711"
"SM691","T41712"
"SM683","T41714"
"SM692","T41715"
"SM699","T41716"
"SM701","T41717"
"SM703","T41718"
"SM680","T41719"
"SM695","T41721"
"SM696","T41722"
"SM706","T41723"
"SM707","T41724"
"SM708","T41725"
"SM709","T41726"
"SM710","T41727"
"SM711","T41728"
"SM712","T41729"
"SM716","T41731"
"SM719","T41732"
"SM720","T41733"
"SM721","T41734"
"SM723","T41735"
"SM724","T41736"
"SM725","T41737"
"SM718","T41738"
"SM727","T41740"
"SM728","T41741"
"SM729","T41742"
"SM731","T41743"
"SM732","T41744"
"SM734","T41745"
"SM736","T41746"
"SM737","T41747"
"SM739","T41748"
"SM741","T41749"
"SM744","T41750"
"SM747","T41752"
"SM748","T41753"
"SM751","T41754"
"SM743","T41755"
"SM756","T41756"
"SM759","T41757"
"SM760","T41758"
"SM769","T41761"
"SM770","T41762"
"SM772","T41764"
"SM773","T41765"
"SM775","T41766"
"SM777","T41767"
"SM779","T41779"
"SM780","T41780"
"SM781","T41781"
"SM782","T41782"
"SM783","T41783"
"SM784","T41784"
"SM785","T41785"
"SM786","T41786"
"SM787","T41787"
"SM788","T41788"
"SM789","T41789"
"SM791","T41790"
"SM792","T41791"
"SM793","T41792"
"SM796","T41793"
"SM798","T41794"
"SM802","T41796"
"SM805","T41797"
"SM806","T41798"
"SM807","T41799"
"SM808","T41800"
"SM809","T41801"
"SM810","T41802"
"SM812","T41803"
"SM771","T41807"
"SM804","T41810"
"SM818","T41824"
"SM821","T41825"
"SM822","T41826"
"SM823","T41827"
"SM829","T41836"
"SM848","T41843"
"SM972","T41844"
"SM851","T41846"
"SM852","T41847"
"SM854","T41849"
"SM855","T41850"
"SM858","T41852"
"SM859","T41853"
"SM840","T41858"
"SM846","T41861"
"SM845","T41862"
"SM860","T41864"
"SM861","T41865"
"SM842","T41867"
"SM864","T41869"
"SM865","T41870"
"SM871","T41871"
"SM876","T41875"
"SM872","T41876"
"SM877","T41877"
"SM873","T41878"
"SM563","T4189"
"SM883","T41931"
"SM887","T41977"
"SM888","T41978"
"SM886","T41979"
"SM890","T41988"
"SM893","T42011"
"SM895","T42012"
"SM896","T42021"
"SM900","T42022"
"SM906","T42025"
"SM907","T42026"
"SM909","T42029"
"SM911","T42048"
"SM914","T42049"
"SM918","T42051"
"SM921","T42054"
"SM1083","T42055"
"SM924","T42055"
"SM1085","T42056"
"SM926","T42056"
"SM1104","T42059"
"SM946","T42059"
"SM1106","T42060"
"SM948","T42060"
"SM1108","T42061"
"SM950","T42061"
"SM962","T42066"
"SM968","T42077"
"SM969","T42079"
"SM970","T42080"
"SM971","T42081"
"SM967","T42082"
"SM974","T42129"
"SM975","T42130"
"SM976","T42131"
"SM977","T42133"
"SM978","T42135"
"SM1434","T42142"
"SM979","T42142"
"SM980","T42145"
"SM1435","T42146"
"SM981","T42146"
"SM1401","T42148"
"SM983","T42150"
"SM986","T42151"
"SM987","T42153"
"SM1397","T42154"
"SM1398","T42155"
"SM1399","T42156"
"SM1400","T42157"
"SM988","T42158"
"SM1133","T42162"
"SM991","T42163"
"SM992","T42166"
"SM993","T42167"
"SM1418","T42169"
"SM995","T42169"
"SM1420","T42170"
"SM996","T42170"
"SM997","T42173"
"SM1421","T42177"
"SM998","T42177"
"SM999","T42179"
"SM1000","T42181"
"SM1433","T42181"
"SM1001","T42183"
"SM1436","T42183"
"SM1002","T42184"
"SM1422","T42184"
"SM1005","T42186"
"SM1425","T42186"
"SM1008","T42189"
"SM1428","T42189"
"SM1442","T42191"
"SM1010","T42192"
"SM1134","T42209"
"SM1429","T42209"
"SM1135","T42211"
"SM1430","T42211"
"SM1136","T42212"
"SM1431","T42212"
"SM1137","T42213"
"SM1432","T42213"
"SM1166","T4223"
"SM1366","T4223"
"SM1480","T4223"
"SM1138","T42265"
"SM1139","T42266"
"SM1140","T42267"
"SM1132","T4230"
"SM1174","T4230"
"SM598","T4230"
"SM1141","T42367"
"SM1145","T42390"
"SM678","T42453"
"SM1177","T42455"
"SM1151","T42456"
"SM1165","T42457"
"SM1170","T42460"
"SM1184","T42463"
"SM1188","T42464"
"SM1196","T42465"
"SM1198","T42466"
"SM1199","T42467"
"SM1219","T42467"
"SM1201","T42470"
"SM1202","T42471"
"SM1203","T42472"
"SM1209","T42473"
"SM1217","T42474"
"SM1222","T42475"
"SM1223","T42476"
"SM1225","T42477"
"SM1230","T42479"
"SM1231","T42480"
"SM1235","T42482"
"SM1236","T42483"
"SM1487","T42544"
"SM1247","T42545"
"SM1248","T42546"
"SM1249","T42547"
"SM1258","T42551"
"SM1264","T42563"
"SM1265","T42687"
"SM1266","T42688"
"SM1267","T42689"
"SM1268","T42729"
"SM1269","T42730"
"SM1296","T42733"
"SM1270","T42736"
"SM1272","T42737"
"SM1274","T42738"
"SM1275","T42751"
"SM1276","T42752"
"SM1277","T42753"
"SM1301","T42800"
"SM1311","T42829"
"SM1314","T42831"
"SM1315","T42833"
"SM1317","T42834"
"SM1318","T42835"
"SM1319","T42836"
"SM1324","T42839"
"SM1326","T42843"
"SM1330","T42844"
"SM1331","T42864"
"SM1335","T42865"
"SM1340","T42866"
"SM1368","T42874"
"SM1369","T42875"
"SM1371","T42876"
"SM1374","T42905"
"SM1376","T42906"
"SM1377","T42908"
"SM1378","T42909"
"SM1218","T4291"
"SM1379","T42910"
"SM1380","T42911"
"SM1383","T42912"
"SM1384","T42913"
"SM1385","T42914"
"SM1388","T42915"
"SM1392","T42916"
"SM1393","T42917"
"SM1395","T42918"
"SM984","T42923"
"SM1402","T42924"
"SM1404","T42925"
"SM1406","T42927"
"SM1405","T42928"
"SM1407","T42929"
"SM1408","T42930"
"SM1409","T42931"
"SM1410","T42932"
"SM1411","T42933"
"SM1412","T42934"
"SM1416","T42934"
"SM1413","T42935"
"SM1414","T42936"
"SM1415","T42937"
"SM1417","T42937"
"SM1419","T42938"
"SM1403","T42939"
"SM1447","T43004"
"SM1450","T43005"
"SM1456","T43006"
"SM1462","T43007"
"SM1466","T43019"
"SM1467","T43020"
"SM1468","T43021"
"SM1470","T43022"
"SM1469","T43023"
"SM1473","T43060"
"SM1474","T43061"
"SM1475","T43062"
"SM1477","T43064"
"SM1478","T43065"
"SM1492","T43086"
"SM1499","T43088"
"SM1503","T43091"
"SM1329","T43101"
"SM1506","T43111"
"SM1507","T43113"
"SM1509","T43114"
"SM320","T4314"
"SM322","T4314"
"SM255","T43184"
"SM302","T43262"
"SM1241","T43276"
"SM1309","T43293"
"SM1149","T43318"
"SM1150","T43318"
"SM1120","T4402"
"SM1125","T4411"
"SM1237","T4411"
"SM288","T4411"
"SM193","T4438"
"SM286","T4504"
"SM305","T4578"
"SM870","T4580"
"SM705","T4607"
"SM1353","T4608"
"SM856","T4633"
"SM894","T4655"
"SM1244","T4705"
"SM1197","T4800"
"SM7","T4817"
"SM295","T4823"
"SM1163","T4885"
"SM878","T4900"
"SM1483","T4963"
"SM850","T4983"
"SM853","T4991"
"SM1109","T5032"
"SM951","T5032"
"SM319","T5206"
"SM321","T5206"
"SM451","T5210"
"SM470","T5210"
"SM1102","T5270"
"SM944","T5270"
"SM38","T5288"
"SM1453","T533"
"SM1122","T536"
"SM1168","T537"
"SM62","T539"
"SM54","T540"
"SM1195","T541"
"SM1211","T541"
"SM68","T541"
"SM847","T544"
"SM1161","T5449"
"SM1182","T5449"
"SM84","T546"
"SM606","T5468"
"SM714","T5502"
"SM61","T551"
"SM1394","T552"
"SM1261","T5568"
"SM827","T5603"
"SM91","T5610"
"SM32","T5612"
"SM434","T5615"
"SM628","T5636"
"SM866","T564"
"SM1124","T566"
"SM1243","T566"
"SM1357","T5681"
"SM881","T5694"
"SM1233","T5707"
"SM1358","T5707"
"SM1118","T5719"
"SM960","T5719"
"SM76","T579"
"SM83","T580"
"SM973","T5936"
"SM1152","T5987"
"SM844","T6032"
"SM252","T6037"
"SM826","T6042"
"SM761","T6098"
"SM1253","T610"
"SM133","T6103"
"SM100","T6111"
"SM1449","T6111"
"SM1360","T6136"
"SM677","T6203"
"SM225","T6233"
"SM1312","T6235"
"SM1160","T6315"
"SM1194","T6315"
"SM220","T6320"
"SM79","T6320"
"SM560","T6335"
"SM837","T6356"
"SM902","T6375"
"SM1088","T6411"
"SM929","T6411"
"SM1361","T6444"
"SM838","T6444"
"SM290","T6457"
"SM65","T6459"
"SM85","T6558"
"SM1497","T6635"
"SM1491","T6638"
"SM897","T6724"
"SM903","T6743"
"SM197","T6819"
"SM8","T6819"
"SM174","T6823"
"SM106","T6824"
"SM165","T6824"
"SM198","T6825"
"SM923","T6825"
"SM205","T6863"
"SM108","T6865"
"SM202","T6865"
"SM1240","T692"
"SM1117","T6928"
"SM959","T6928"
"SM274","T6945"
"SM238","T6985"
"SM118","T7027"
"SM237","T7029"
"SM1186","T7054"
"SM1100","T7071"
"SM942","T7071"
"SM26","T7098"
"SM1129","T7108"
"SM121","T7142"
"SM1347","T7142"
"SM1446","T7142"
"SM426","T7142"
"SM419","T7146"
"SM922","T7149"
"SM757","T7202"
"SM835","T7240"
"SM1101","T7268"
"SM943","T7268"
"SM96","T7279"
"SM901","T7313"
"SM441","T7328"
"SM1448","T7340"
"SM398","T7386"
"SM542","T740"
"SM674","T7403"
"SM1095","T7432"
"SM937","T7432"
"SM566","T7434"
"SM735","T7465"
"SM794","T7465"
"SM1365","T7486"
"SM634","T7492"
"SM180","T7497"
"SM754","T7522"
"SM518","T754"
"SM1111","T7541"
"SM953","T7541"
"SM1200","T7614"
"SM446","T7629"
"SM227","T7691"
"SM551","T7698"
"SM867","T773"
"SM1322","T7746"
"SM746","T775"
"SM964","T775"
"SM580","T7751"
"SM1090","T776"
"SM931","T776"
"SM762","T7788"
"SM814","T7788"
"SM766","T7789"
"SM493","T7814"
"SM1185","T7821"
"SM1210","T7821"
"SM413","T7858"
"SM800","T7872"
"SM1490","T789"
"SM429","T790"
"SM824","T793"
"SM671","T7932"
"SM1121","T7940"
"SM77","T7940"
"SM849","T7988"
"SM611","T7991"
"SM1298","T8004"
"SM591","T8045"
"SM1087","T808"
"SM1130","T808"
"SM1180","T808"
"SM928","T808"
"SM1287","T811"
"SM833","T811"
"SM1239","T8135"
"SM885","T8175"
"SM1500","T8178"
"SM476","T8184"
"SM1094","T8293"
"SM236","T8293"
"SM936","T8293"
"SM644","T834"
"SM234","T8363"
"SM82","T838"
"SM457","T8430"
"SM367","T8431"
"SM538","T8453"
"SM954","T8466"
"SM396","T8502"
"SM69","T8502"
"SM276","T8520"
"SM768","T8579"
"SM208","T8587"
"SM418","T8718"
"SM1452","T8720"
"SM1481","T8740"
"SM565","T8744"
"SM820","T8747"
"SM528","T8813"
"SM183","T8817"
"SM841","T8900"
"SM799","T8947"
"SM1167","T8956"
"SM1107","T9082"
"SM949","T9082"
"SM1285","T909"
"SM1158","T9163"
"SM920","T9179"
"SM36","T9217"
"SM102","T9222"
"SM583","T9300"
"SM516","T931"
"SM550","T9348"
"SM412","T9363"
"SM660","T9397"
"SM437","T9402"
"SM574","T9418"
"SM244","T9419"
"SM599","T9498"
"SM1214","T9520"
"SM740","T9590"
"SM1113","T9633"
"SM955","T9633"
"SM1444","T9635"
"SM645","T964"
"SM98","T9655"
"SM1089","T9682"
"SM930","T9682"
"SM1191","T970"
"SM177","T9768"
"SM667","T9782"
"SM572","T9797"
"SM535","T9922"
"SM40","T994"
"SM588","T9982"
