"trackID","hebrewTitleID"
"P10006","HT612"
"P10060","HT371"
"P10062","HT405"
"P10063","HT405"
"P10064","HT405"
"P10065","HT405"
"P10066","HT405"
"P10067","HT405"
"P10068","HT405"
"P10069","HT405"
"P10070","HT405"
"P10071","HT405"
"P10072","HT405"
"P10073","HT405"
"P10074","HT405"
"P10075","HT405"
"P10076","HT405"
"P10077","HT410"
"P10086","HT413"
"P10093","HT414"
"P10131","HT536"
"P10150","HT549"
"P10151","HT548"
"P10152","HT550"
"P10158","HT551"
"P10199","HT594"
"P10221","HT596"
"P10229","HT597"
"P10261","HT319"
"P10262","HT319"
"P10287","HT334"
"P10288","HT334"
"P10289","HT334"
"P10290","HT334"
"P10291","HT334"
"P10292","HT334"
"P10293","HT334"
"P10300","HT263"
"P10318","HT546"
"P10336","HT82"
"P10347","HT268"
"P10348","HT269"
"P10353","HT270"
"P10356","HT317"
"P10357","HT129"
"P10358","HT129"
"P10359","HT124"
"P10363","HT126"
"P10364","HT125"
"P10365","HT123"
"P10380","HT130"
"P10383","HT131"
"P10384","HT132"
"P10385","HT133"
"P10391","HT134"
"P10392","HT144"
"P10393","HT144"
"P10394","HT144"
"P10395","HT144"
"P10396","HT144"
"P10397","HT144"
"P10398","HT144"
"P10399","HT144"
"P10401","HT145"
"P10402","HT146"
"P10403","HT147"
"P10404","HT148"
"P10405","HT154"
"P10406","HT154"
"P10407","HT153"
"P10408","HT153"
"P10409","HT154"
"P10410","HT154"
"P10412","HT160"
"P10413","HT160"
"P10414","HT160"
"P10415","HT160"
"P10418","HT161"
"P10419","HT162"
"P10421","HT163"
"P10422","HT164"
"P10423","HT165"
"P10430","HT166"
"P10434","HT167"
"P10439","HT169"
"P10440","HT169"
"P10447","HT170"
"P10452","HT171"
"P10454","HT172"
"P10455","HT180"
"P10456","HT180"
"P10457","HT180"
"P10458","HT180"
"P10459","HT180"
"P10460","HT180"
"P10461","HT180"
"P10462","HT180"
"P10463","HT181"
"P10464","HT182"
"P10468","HT184"
"P10518","HT598"
"P10528","HT600"
"P10537","HT1163"
"P10546","HT529"
"P10563","HT631"
"P10564","HT631"
"P10565","HT632"
"P10566","HT631"
"P10567","HT631"
"P10568","HT631"
"P10569","HT631"
"P10614","HT518"
"P10673","HT405"
"P10674","HT405"
"P10675","HT405"
"P10676","HT405"
"P10677","HT410"
"P10678","HT410"
"P10679","HT410"
"P10680","HT410"
"P10681","HT410"
"P10682","HT410"
"P10683","HT410"
"P10684","HT410"
"P10685","HT410"
"P10686","HT410"
"P10687","HT410"
"P10688","HT410"
"P10689","HT410"
"P10703","HT415"
"P10760","HT633"
"P10761","HT635"
"P10800","HT520"
"P10802","HT521"
"P10814","HT544"
"P10826","HT574"
"P10827","HT575"
"P10830","HT583"
"P10831","HT582"
"P10832","HT584"
"P10868","HT558"
"P10869","HT558"
"P10870","HT558"
"P10871","HT558"
"P10872","HT558"
"P10879","HT559"
"P10902","HT562"
"P10903","HT562"
"P10904","HT562"
"P10921","HT563"
"P10922","HT564"
"P10940","HT565"
"P11003","HT566"
"P11013","HT569"
"P11014","HT569"
"P11017","HT571"
"P11053","HT638"
"P11054","HT639"
"P11055","HT641"
"P11056","HT641"
"P11057","HT642"
"P11094","HT930"
"P11096","HT931"
"P11144","HT934"
"P1118","HT370"
"P11180","HT670"
"P11236","HT671"
"P11237","HT672"
"P11244","HT674"
"P11245","HT674"
"P11247","HT675"
"P11254","HT676"
"P11255","HT677"
"P11283","HT690"
"P11287","HT691"
"P1129","HT409"
"P11299","HT678"
"P11300","HT679"
"P11312","HT681"
"P11315","HT682"
"P11316","HT683"
"P11319","HT689"
"P11320","HT689"
"P11321","HT689"
"P11322","HT689"
"P11377","HT742"
"P11378","HT743"
"P11387","HT745"
"P11420","HT754"
"P11422","HT757"
"P11423","HT759"
"P11424","HT759"
"P11431","HT760"
"P11432","HT761"
"P11433","HT762"
"P11438","HT710"
"P1144","HT509"
"P11441","HT722"
"P11442","HT2354"
"P11443","HT722"
"P11444","HT2360"
"P11445","HT2360"
"P11446","HT722"
"P11447","HT722"
"P11448","HT2360"
"P11449","HT2360"
"P11450","HT722"
"P11451","HT722"
"P11452","HT722"
"P11453","HT722"
"P11454","HT2360"
"P11455","HT722"
"P11456","HT2360"
"P11460","HT722"
"P11463","HT726"
"P11464","HT724"
"P11465","HT726"
"P11466","HT726"
"P11470","HT727"
"P1148","HT513"
"P11485","HT741"
"P11486","HT738"
"P11487","HT741"
"P11488","HT739"
"P11489","HT739"
"P1149","HT512"
"P11490","HT738"
"P11491","HT741"
"P1161","HT522"
"P11630","HT963"
"P11651","HT936"
"P11662","HT937"
"P11663","HT938"
"P11666","HT939"
"P11668","HT941"
"P11671","HT646"
"P11672","HT646"
"P11673","HT646"
"P11678","HT658"
"P11679","HT658"
"P11680","HT658"
"P11681","HT658"
"P11682","HT658"
"P11684","HT658"
"P11685","HT658"
"P11686","HT658"
"P11687","HT658"
"P11688","HT658"
"P11704","HT660"
"P11711","HT661"
"P11713","HT662"
"P11714","HT665"
"P11715","HT665"
"P11716","HT666"
"P11717","HT669"
"P11718","HT669"
"P11719","HT669"
"P11723","HT693"
"P11724","HT693"
"P11736","HT698"
"P11737","HT697"
"P11738","HT697"
"P11739","HT697"
"P11743","HT700"
"P11752","HT702"
"P11753","HT702"
"P11754","HT703"
"P11756","HT704"
"P11757","HT708"
"P11758","HT708"
"P11763","HT1041"
"P11794","HT951"
"P11795","HT951"
"P11796","HT951"
"P11797","HT951"
"P11798","HT951"
"P11799","HT951"
"P11812","HT953"
"P11813","HT958"
"P11814","HT958"
"P11815","HT958"
"P11816","HT958"
"P11817","HT958"
"P11828","HT959"
"P11834","HT960"
"P11855","HT1019"
"P11863","HT1021"
"P11864","HT1021"
"P11908","HT961"
"P1191","HT540"
"P11945","HT1027"
"P11946","HT1027"
"P11948","HT1028"
"P11990","HT992"
"P11991","HT992"
"P11993","HT993"
"P11996","HT999"
"P11997","HT999"
"P11998","HT999"
"P11999","HT999"
"P12000","HT999"
"P12001","HT999"
"P12002","HT999"
"P12003","HT999"
"P12004","HT999"
"P12005","HT999"
"P12006","HT999"
"P12007","HT999"
"P12014","HT1011"
"P12015","HT1014"
"P12016","HT1014"
"P12017","HT1017"
"P12018","HT1017"
"P12103","HT1195"
"P12121","HT1034"
"P12127","HT1151"
"P12138","HT709"
"P12145","HT746"
"P12149","HT750"
"P12150","HT750"
"P12151","HT751"
"P12152","HT752"
"P12163","HT2385"
"P12168","HT2383"
"P12173","HT768"
"P12174","HT768"
"P12175","HT768"
"P12176","HT768"
"P12182","HT770"
"P12183","HT800"
"P12184","HT800"
"P12185","HT800"
"P12186","HT800"
"P12187","HT800"
"P12188","HT800"
"P12189","HT800"
"P12190","HT800"
"P12191","HT800"
"P12192","HT800"
"P12193","HT800"
"P12194","HT800"
"P12195","HT801"
"P12196","HT800"
"P12197","HT800"
"P12198","HT800"
"P12199","HT800"
"P12200","HT800"
"P12201","HT802"
"P12202","HT800"
"P12203","HT800"
"P12204","HT800"
"P12205","HT803"
"P12206","HT800"
"P12207","HT800"
"P12218","HT806"
"P12219","HT806"
"P12220","HT806"
"P12224","HT807"
"P12225","HT808"
"P12229","HT810"
"P12230","HT810"
"P12231","HT811"
"P12251","HT1023"
"P12260","HT1024"
"P12266","HT964"
"P12269","HT965"
"P12270","HT966"
"P12294","HT968"
"P12296","HT969"
"P12312","HT970"
"P12313","HT972"
"P12314","HT972"
"P12315","HT977"
"P12316","HT977"
"P12317","HT977"
"P12320","HT978"
"P12321","HT981"
"P12322","HT981"
"P12323","HT981"
"P12324","HT982"
"P12327","HT988"
"P12328","HT988"
"P12329","HT988"
"P12330","HT988"
"P12331","HT988"
"P12447","HT1186"
"P12468","HT1039"
"P12500","HT1105"
"P12501","HT1106"
"P12502","HT1107"
"P12503","HT1134"
"P12504","HT1134"
"P12509","HT1142"
"P12510","HT1142"
"P12511","HT1142"
"P12528","HT1143"
"P12594","HT1187"
"P12596","HT1190"
"P12597","HT1190"
"P12598","HT1190"
"P12602","HT1191"
"P12620","HT1040"
"P12722","HT1029"
"P12753","HT1035"
"P12754","HT1036"
"P12755","HT1037"
"P12771","HT1038"
"P12841","HT1061"
"P12843","HT1062"
"P12955","HT1042"
"P12998","HT1043"
"P12999","HT1045"
"P13015","HT1129"
"P13016","HT1131"
"P13017","HT1130"
"P13028","HT1120"
"P13029","HT1120"
"P13030","HT1120"
"P13031","HT1120"
"P13052","HT1145"
"P13063","HT1148"
"P13064","HT1149"
"P13065","HT1150"
"P13123","HT1065"
"P13126","HT1066"
"P13128","HT1067"
"P13130","HT1068"
"P13139","HT1069"
"P13158","HT1070"
"P13170","HT1072"
"P13171","HT1073"
"P13174","HT1074"
"P13175","HT2388"
"P13176","HT2387"
"P13177","HT1076"
"P13192","HT1196"
"P13193","HT1196"
"P13194","HT1195"
"P13235","HT1184"
"P13238","HT1185"
"P13264","HT1245"
"P13276","HT1090"
"P13289","HT1076"
"P13298","HT1077"
"P13305","HT1081"
"P13306","HT1081"
"P13307","HT1081"
"P13308","HT1081"
"P13312","HT1087"
"P13313","HT1087"
"P13314","HT1087"
"P13315","HT1087"
"P13316","HT1087"
"P13317","HT1087"
"P13318","HT2395"
"P13319","HT1088"
"P13320","HT1089"
"P13339","HT1256"
"P13361","HT1257"
"P13379","HT1122"
"P13380","HT1123"
"P13400","HT1176"
"P13401","HT1178"
"P13405","HT1179"
"P13408","HT1183"
"P13409","HT1183"
"P13410","HT1183"
"P13429","HT1261"
"P13430","HT1260"
"P13445","HT1225"
"P13450","HT1226"
"P13452","HT1227"
"P13472","HT1246"
"P13487","HT1091"
"P13489","HT1093"
"P13495","HT1094"
"P13501","HT1099"
"P13502","HT1099"
"P13503","HT1099"
"P13504","HT1099"
"P13505","HT1099"
"P13511","HT1100"
"P13516","HT1101"
"P13532","HT1102"
"P13540","HT1105"
"P13551","HT1046"
"P13567","HT1047"
"P13570","HT1048"
"P13580","HT1049"
"P13583","HT1050"
"P13584","HT1052"
"P13585","HT1052"
"P13586","HT1053"
"P13589","HT1057"
"P13590","HT1057"
"P13591","HT1057"
"P13595","HT1060"
"P13596","HT1060"
"P13631","HT1230"
"P13640","HT1231"
"P13642","HT1232"
"P13647","HT1233"
"P13652","HT2365"
"P13660","HT1234"
"P13678","HT1243"
"P13679","HT1243"
"P13680","HT1243"
"P13681","HT1243"
"P13682","HT1243"
"P13683","HT1243"
"P13684","HT1243"
"P13743","HT1152"
"P13752","HT1171"
"P13804","HT1108"
"P13805","HT1110"
"P13831","HT1127"
"P13842","HT1154"
"P13846","HT1172"
"P13847","HT1112"
"P13902","HT1115"
"P13930","HT738"
"P13988","HT1155"
"P13992","HT1156"
"P14003","HT1157"
"P14024","HT1158"
"P14025","HT1159"
"P14026","HT1160"
"P14032","HT1164"
"P14034","HT1165"
"P14035","HT1166"
"P14036","HT1167"
"P14048","HT1168"
"P14049","HT1169"
"P14080","HT1170"
"P14091","HT1173"
"P14092","HT1174"
"P14108","HT1175"
"P14124","HT1201"
"P14128","HT1202"
"P14130","HT1347"
"P14178","HT1348"
"P14201","HT1203"
"P14202","HT1207"
"P14203","HT1207"
"P14204","HT1207"
"P14219","HT1208"
"P14233","HT1210"
"P14239","HT1211"
"P14252","HT1212"
"P14281","HT1273"
"P14283","HT1274"
"P14284","HT1276"
"P14292","HT1277"
"P14296","HT1278"
"P14297","HT1279"
"P14330","HT1280"
"P14333","HT1281"
"P14340","HT1284"
"P14389","HT1285"
"P14403","HT1288"
"P14415","HT1290"
"P14416","HT1290"
"P14450","HT1346"
"P14459","HT1357"
"P14460","HT1357"
"P14461","HT1357"
"P14462","HT1357"
"P14463","HT1358"
"P14468","HT1359"
"P14477","HT1361"
"P14489","HT1291"
"P14503","HT1292"
"P14530","HT2350"
"P14532","HT2349"
"P1458","HT485"
"P14583","HT1229"
"P14584","HT1229"
"P1459","HT485"
"P14664","HT1213"
"P1469","HT486"
"P14698","HT1219"
"P14699","HT1219"
"P1470","HT488"
"P14705","HT1221"
"P1471","HT488"
"P14711","HT1222"
"P14716","HT1223"
"P14745","HT1247"
"P1475","HT491"
"P1476","HT491"
"P1477","HT489"
"P14773","HT2343"
"P14774","HT1255"
"P14775","HT1255"
"P14776","HT2344"
"P14778","HT2345"
"P14779","HT2346"
"P14780","HT2347"
"P14782","HT1255"
"P14784","HT2349"
"P1481","HT494"
"P14810","HT1263"
"P14811","HT1262"
"P14814","HT1264"
"P14815","HT1265"
"P14818","HT1266"
"P1482","HT495"
"P1483","HT494"
"P1494","HT496"
"P14962","HT1267"
"P14982","HT1269"
"P14998","HT1271"
"P14999","HT1271"
"P15051","HT1362"
"P15056","HT1363"
"P15093","HT1286"
"P1510","HT497"
"P15105","HT1287"
"P1514","HT501"
"P1515","HT501"
"P1516","HT501"
"P15163","HT1367"
"P15164","HT1368"
"P15165","HT1369"
"P15166","HT1370"
"P15184","HT1372"
"P15188","HT1373"
"P1519","HT517"
"P15203","HT1374"
"P15204","HT1375"
"P15228","HT1592"
"P15253","HT1594"
"P15254","HT1595"
"P15255","HT1598"
"P15262","HT1600"
"P15273","HT1627"
"P15274","HT1628"
"P15275","HT1627"
"P15276","HT1627"
"P15277","HT1628"
"P15278","HT1627"
"P15280","HT1627"
"P15281","HT1627"
"P15282","HT1627"
"P15283","HT1627"
"P15284","HT1627"
"P15285","HT1627"
"P15286","HT1627"
"P15287","HT1627"
"P15288","HT1614"
"P15289","HT1627"
"P15291","HT1603"
"P15300","HT1629"
"P15301","HT1630"
"P15302","HT1633"
"P15303","HT1633"
"P15304","HT1633"
"P15306","HT1643"
"P15307","HT1642"
"P15313","HT1345"
"P15372","HT1422"
"P15373","HT1423"
"P15374","HT1425"
"P15375","HT1426"
"P15378","HT1427"
"P15379","HT1429"
"P15402","HT1371"
"P1543","HT913"
"P1544","HT922"
"P1546","HT922"
"P15464","HT1300"
"P1547","HT922"
"P15474","HT1310"
"P15475","HT1318"
"P15476","HT1318"
"P15477","HT1318"
"P15482","HT1318"
"P15483","HT1318"
"P15484","HT1318"
"P15485","HT1318"
"P15486","HT1318"
"P15487","HT1318"
"P15488","HT1317"
"P15489","HT1318"
"P1549","HT450"
"P15490","HT1318"
"P15491","HT1318"
"P15492","HT1318"
"P1550","HT445"
"P1551","HT450"
"P1552","HT450"
"P1553","HT450"
"P15532","HT1336"
"P15535","HT1340"
"P15536","HT1341"
"P15537","HT1341"
"P15538","HT1341"
"P1554","HT450"
"P15548","HT1342"
"P1555","HT450"
"P15551","HT1343"
"P1556","HT450"
"P1557","HT450"
"P15572","HT1319"
"P15573","HT1320"
"P15575","HT1325"
"P15576","HT1325"
"P15577","HT1325"
"P15578","HT1325"
"P1558","HT450"
"P15589","HT1326"
"P1559","HT450"
"P15590","HT1327"
"P15591","HT1329"
"P15592","HT1329"
"P15593","HT1330"
"P15595","HT1331"
"P1560","HT450"
"P15600","HT1332"
"P15603","HT1335"
"P15604","HT1335"
"P1561","HT445"
"P1562","HT450"
"P1563","HT450"
"P1564","HT450"
"P15669","HT1502"
"P15670","HT1506"
"P15676","HT1414"
"P15727","HT1294"
"P15733","HT451"
"P15734","HT1296"
"P1575","HT477"
"P15768","HT1298"
"P15769","HT1299"
"P15781","HT1344"
"P15861","HT1366"
"P15878","HT1438"
"P15879","HT1438"
"P15880","HT1438"
"P15881","HT1438"
"P15882","HT1438"
"P15883","HT1438"
"P15884","HT1438"
"P15897","HT1439"
"P15898","HT1447"
"P15899","HT1447"
"P15900","HT1447"
"P15901","HT1447"
"P15902","HT1447"
"P15903","HT1449"
"P15904","HT1448"
"P15909","HT1450"
"P15916","HT1454"
"P15917","HT1454"
"P15918","HT1454"
"P15928","HT1642"
"P15929","HT1642"
"P15930","HT1642"
"P15931","HT1643"
"P15932","HT1644"
"P15933","HT1645"
"P15936","HT1646"
"P15938","HT1647"
"P15941","HT1651"
"P15942","HT1651"
"P15944","HT1380"
"P15945","HT1380"
"P15946","HT1380"
"P15947","HT1380"
"P15949","HT1385"
"P15950","HT1385"
"P15951","HT1385"
"P15952","HT1385"
"P15961","HT1387"
"P15963","HT1388"
"P15979","HT1389"
"P15991","HT1390"
"P16018","HT1391"
"P16020","HT1392"
"P16034","HT1393"
"P16050","HT1395"
"P16059","HT1397"
"P16061","HT2374"
"P16063","HT2375"
"P16064","HT2376"
"P16065","HT1398"
"P16066","HT2377"
"P16067","HT2378"
"P16075","HT1399"
"P16119","HT1408"
"P16124","HT1415"
"P16126","HT1417"
"P16127","HT1417"
"P16131","HT1506"
"P16132","HT1506"
"P16133","HT1506"
"P16134","HT1507"
"P16135","HT1508"
"P16141","HT1509"
"P16143","HT1510"
"P16144","HT1516"
"P16145","HT1516"
"P16146","HT1516"
"P16147","HT1466"
"P16149","HT1470"
"P1618","HT368"
"P16181","HT1473"
"P16185","HT1474"
"P16188","HT1492"
"P16189","HT1492"
"P1619","HT368"
"P16190","HT1478"
"P16191","HT1492"
"P16192","HT1492"
"P16193","HT1492"
"P16194","HT1492"
"P16195","HT1492"
"P16196","HT1492"
"P16197","HT1492"
"P16198","HT1492"
"P16199","HT1492"
"P1620","HT366"
"P16200","HT1492"
"P16201","HT1492"
"P16202","HT1492"
"P16203","HT1492"
"P1621","HT366"
"P16216","HT1870"
"P16217","HT1868"
"P16218","HT1868"
"P16219","HT1868"
"P1622","HT368"
"P16221","HT1868"
"P16222","HT1868"
"P16223","HT1868"
"P16224","HT1872"
"P16225","HT1868"
"P16240","HT1516"
"P16241","HT1516"
"P16270","HT1803"
"P16281","HT1804"
"P16282","HT1805"
"P16285","HT1806"
"P16309","HT1808"
"P16311","HT1809"
"P1632","HT369"
"P16324","HT1810"
"P16344","HT1812"
"P16347","HT1814"
"P16348","HT1813"
"P16368","HT1518"
"P16369","HT1518"
"P1637","HT461"
"P16370","HT1520"
"P16373","HT1764"
"P16374","HT1766"
"P16375","HT1766"
"P1638","HT461"
"P16381","HT1768"
"P16385","HT1769"
"P1639","HT461"
"P16393","HT1770"
"P16394","HT1771"
"P1640","HT461"
"P16402","HT1676"
"P16403","HT1675"
"P16404","HT2439"
"P16405","HT2458"
"P16406","HT1681"
"P16407","HT1681"
"P16408","HT1681"
"P16409","HT2440"
"P1641","HT461"
"P16410","HT2456"
"P1642","HT461"
"P16420","HT1683"
"P16421","HT1683"
"P16422","HT1684"
"P16431","HT1685"
"P16436","HT1689"
"P16437","HT1689"
"P16439","HT1690"
"P1644","HT467"
"P16440","HT1695"
"P16441","HT1695"
"P16442","HT1695"
"P16443","HT1695"
"P16446","HT1709"
"P16447","HT1709"
"P16448","HT1709"
"P16449","HT1705"
"P1645","HT467"
"P16450","HT1709"
"P16451","HT1709"
"P16475","HT1661"
"P1650","HT347"
"P16502","HT1873"
"P1651","HT348"
"P1652","HT349"
"P16527","HT1493"
"P1653","HT350"
"P16544","HT1495"
"P16549","HT1498"
"P1655","HT354"
"P16550","HT1499"
"P16551","HT1498"
"P16557","HT1500"
"P1656","HT354"
"P1657","HT354"
"P16579","HT1525"
"P1658","HT354"
"P16580","HT1525"
"P16581","HT1525"
"P16582","HT1525"
"P16583","HT1525"
"P16585","HT1526"
"P16586","HT1527"
"P1659","HT356"
"P1660","HT357"
"P16603","HT1528"
"P16606","HT1542"
"P16608","HT1542"
"P16609","HT1542"
"P16610","HT1542"
"P16611","HT1542"
"P16612","HT1542"
"P16613","HT1542"
"P16631","HT1761"
"P16632","HT1761"
"P16633","HT1761"
"P16639","HT1763"
"P16663","HT1709"
"P16664","HT1709"
"P16666","HT1716"
"P16667","HT1716"
"P16668","HT1716"
"P16669","HT1716"
"P16670","HT1716"
"P16671","HT1716"
"P16720","HT2397"
"P16732","HT1742"
"P16733","HT1744"
"P16734","HT1744"
"P16743","HT1746"
"P16756","HT1747"
"P16780","HT1749"
"P16810","HT1751"
"P16820","HT1752"
"P16828","HT1841"
"P16829","HT1841"
"P16830","HT1841"
"P16831","HT1841"
"P16832","HT1834"
"P16833","HT1841"
"P16834","HT1841"
"P16835","HT1841"
"P16836","HT1841"
"P16837","HT1841"
"P16892","HT1815"
"P16893","HT1824"
"P16894","HT1824"
"P16895","HT1822"
"P16928","HT2003"
"P16929","HT2005"
"P16930","HT2005"
"P16931","HT2006"
"P16933","HT2009"
"P16934","HT2009"
"P16935","HT2009"
"P16938","HT2012"
"P16939","HT2012"
"P16945","HT2030"
"P16946","HT2030"
"P16947","HT2030"
"P16948","HT2030"
"P16949","HT2030"
"P16950","HT2030"
"P16951","HT2030"
"P16952","HT2030"
"P16953","HT2030"
"P16954","HT2030"
"P16955","HT2030"
"P16986","HT1753"
"P16987","HT1755"
"P16988","HT1755"
"P17021","HT1757"
"P17045","HT1758"
"P17079","HT1842"
"P17080","HT1843"
"P17092","HT1844"
"P17095","HT1846"
"P17100","HT1847"
"P17116","HT1848"
"P17118","HT1849"
"P17120","HT1850"
"P17126","HT1852"
"P17127","HT1852"
"P17134","HT1853"
"P17140","HT1854"
"P17142","HT1855"
"P17143","HT1856"
"P17192","HT1869"
"P17193","HT1868"
"P17194","HT1868"
"P17195","HT2398"
"P17245","HT1874"
"P17246","HT1876"
"P17247","HT1876"
"P1726","HT184"
"P17263","HT1878"
"P17264","HT1878"
"P17271","HT1879"
"P17291","HT1880"
"P17299","HT2460"
"P17307","HT1882"
"P17312","HT1889"
"P17313","HT1889"
"P17314","HT1889"
"P17315","HT1889"
"P17316","HT1889"
"P17331","HT1896"
"P17357","HT1785"
"P17361","HT1786"
"P17364","HT1787"
"P17415","HT1791"
"P1742","HT32"
"P1744","HT33"
"P17444","HT1794"
"P17446","HT1795"
"P1747","HT35"
"P17474","HT1797"
"P17486","HT1799"
"P17493","HT1800"
"P17532","HT1801"
"P17535","HT1802"
"P1754","HT41"
"P1755","HT41"
"P1756","HT39"
"P17568","HT2030"
"P17569","HT2030"
"P1757","HT39"
"P17570","HT2030"
"P17571","HT2030"
"P17572","HT2031"
"P17574","HT2032"
"P1759","HT439"
"P17644","HT1897"
"P17645","HT1896"
"P17646","HT1896"
"P17647","HT1897"
"P17648","HT1896"
"P17692","HT1898"
"P17728","HT1899"
"P17759","HT1900"
"P17769","HT1902"
"P17770","HT1903"
"P17825","HT1904"
"P17830","HT1905"
"P17878","HT1994"
"P17879","HT2002"
"P17880","HT2002"
"P17881","HT1996"
"P17882","HT1999"
"P17883","HT2002"
"P17884","HT2002"
"P17885","HT2002"
"P17902","HT2034"
"P17922","HT2035"
"P17940","HT1971"
"P17942","HT1972"
"P17949","HT1973"
"P17976","HT2057"
"P17996","HT1911"
"P17997","HT1911"
"P17998","HT1911"
"P17999","HT1906"
"P18000","HT1911"
"P18016","HT1912"
"P18017","HT1916"
"P18018","HT1916"
"P18019","HT1923"
"P18020","HT1923"
"P18021","HT1920"
"P18022","HT1923"
"P18023","HT1920"
"P18024","HT1923"
"P18031","HT1926"
"P18032","HT1926"
"P18033","HT1926"
"P18034","HT1927"
"P18036","HT1928"
"P18037","HT1934"
"P18038","HT1934"
"P18039","HT1934"
"P18040","HT1934"
"P18041","HT1934"
"P18047","HT1936"
"P18048","HT1937"
"P18049","HT1936"
"P18054","HT1939"
"P18055","HT1939"
"P18065","HT1940"
"P18066","HT1943"
"P18067","HT1943"
"P18068","HT1944"
"P18069","HT1943"
"P18070","HT1945"
"P18071","HT1960"
"P18072","HT1960"
"P18073","HT1960"
"P18074","HT1960"
"P18075","HT1960"
"P18076","HT1958"
"P18077","HT1958"
"P18078","HT1960"
"P18079","HT1958"
"P18080","HT1958"
"P18081","HT1962"
"P18082","HT1962"
"P18086","HT1967"
"P18087","HT1967"
"P18088","HT1967"
"P18140","HT2037"
"P18149","HT2380"
"P18150","HT2038"
"P18151","HT2040"
"P18152","HT2040"
"P18155","HT2041"
"P18156","HT2042"
"P18163","HT2428"
"P18164","HT2428"
"P18165","HT2428"
"P18166","HT2428"
"P18167","HT2428"
"P18168","HT2428"
"P18169","HT2428"
"P18170","HT2428"
"P18171","HT2428"
"P18184","HT2045"
"P18185","HT2047"
"P18187","HT2048"
"P18189","HT2049"
"P18190","HT2050"
"P18191","HT2051"
"P18192","HT2054"
"P18193","HT2054"
"P18195","HT2055"
"P18226","HT1967"
"P18242","HT1969"
"P18252","HT1974"
"P18255","HT1975"
"P18260","HT1976"
"P18264","HT1977"
"P18278","HT1978"
"P18281","HT1980"
"P18282","HT1980"
"P18302","HT2058"
"P18354","HT2209"
"P18358","HT2210"
"P18373","HT2216"
"P18374","HT2216"
"P18375","HT2216"
"P18376","HT2216"
"P18377","HT2216"
"P18378","HT2216"
"P18387","HT1982"
"P18388","HT1982"
"P18391","HT1983"
"P18394","HT1987"
"P18395","HT1986"
"P18396","HT1988"
"P18412","HT1993"
"P18416","HT2428"
"P18417","HT2428"
"P18418","HT2428"
"P18419","HT2428"
"P18420","HT2428"
"P18421","HT2428"
"P18422","HT2428"
"P18423","HT2428"
"P18424","HT2428"
"P18425","HT2428"
"P18426","HT2428"
"P18427","HT2428"
"P18432","HT2044"
"P18465","HT2056"
"P18521","HT2064"
"P18535","HT2066"
"P18567","HT2067"
"P18570","HT2068"
"P18639","HT2059"
"P18646","HT2060"
"P18673","HT2061"
"P18678","HT2062"
"P18686","HT2063"
"P18746","HT2193"
"P18748","HT2196"
"P18777","HT2207"
"P18803","HT2218"
"P18804","HT2218"
"P18810","HT2219"
"P18813","HT2222"
"P18820","HT2231"
"P18821","HT2231"
"P18822","HT2231"
"P18823","HT2231"
"P18825","HT2226"
"P18826","HT2226"
"P18827","HT2226"
"P18833","HT2254"
"P18834","HT2254"
"P18835","HT2254"
"P18836","HT2254"
"P18837","HT2254"
"P18838","HT2254"
"P18839","HT2244"
"P18840","HT2246"
"P18841","HT2246"
"P18842","HT2244"
"P18843","HT2238"
"P18844","HT2244"
"P18845","HT2254"
"P18846","HT2254"
"P18847","HT2246"
"P18848","HT2246"
"P18894","HT2116"
"P18900","HT2117"
"P18904","HT2124"
"P18905","HT2124"
"P18906","HT2124"
"P18907","HT2122"
"P18908","HT2124"
"P18909","HT2124"
"P18910","HT2124"
"P18918","HT2125"
"P1901","HT841"
"P19011","HT2267"
"P19026","HT2280"
"P19027","HT2280"
"P19028","HT2287"
"P19029","HT2287"
"P19030","HT2287"
"P19031","HT2287"
"P19032","HT2287"
"P19040","HT2128"
"P19041","HT2130"
"P19042","HT2130"
"P19043","HT2130"
"P19045","HT2131"
"P19046","HT2132"
"P1905","HT846"
"P1906","HT846"
"P19062","HT2190"
"P19065","HT2191"
"P1908","HT846"
"P19088","HT2294"
"P19089","HT2294"
"P1909","HT846"
"P19099","HT2135"
"P1910","HT846"
"P19108","HT2235"
"P19109","HT2254"
"P19110","HT2254"
"P19111","HT2247"
"P19115","HT2261"
"P19116","HT2261"
"P19117","HT2261"
"P19118","HT2261"
"P19119","HT2261"
"P19120","HT2256"
"P19126","HT2264"
"P19127","HT2264"
"P19128","HT2264"
"P1914","HT848"
"P19144","HT2083"
"P19145","HT2083"
"P19146","HT2083"
"P19147","HT2083"
"P19148","HT2083"
"P19149","HT2083"
"P1915","HT848"
"P19150","HT2083"
"P19151","HT2083"
"P19152","HT2083"
"P19153","HT2083"
"P19154","HT2083"
"P19155","HT2083"
"P19156","HT2083"
"P19157","HT2083"
"P19159","HT2086"
"P19160","HT2086"
"P19165","HT2099"
"P19166","HT2099"
"P19167","HT2099"
"P19168","HT2099"
"P19169","HT2099"
"P19170","HT2096"
"P19171","HT2099"
"P19172","HT2099"
"P19173","HT2099"
"P19174","HT2099"
"P19175","HT2100"
"P19181","HT2101"
"P19194","HT2102"
"P19228","HT2104"
"P19229","HT2106"
"P19230","HT2106"
"P19259","HT2109"
"P1926","HT853"
"P19260","HT2114"
"P19261","HT2114"
"P19262","HT2114"
"P19263","HT2114"
"P19264","HT2114"
"P1927","HT853"
"P19271","HT2115"
"P1928","HT853"
"P19287","HT2196"
"P19288","HT2196"
"P1929","HT853"
"P19292","HT2204"
"P19293","HT2205"
"P19294","HT2202"
"P19295","HT2202"
"P19296","HT2202"
"P19297","HT2202"
"P19298","HT2202"
"P19299","HT2202"
"P1930","HT853"
"P19319","HT2266"
"P1932","HT855"
"P19328","HT505"
"P1933","HT856"
"P19330","HT187"
"P19332","HT530"
"P19333","HT1365"
"P19334","HT827"
"P19385","HT833"
"P19398","HT160"
"P19402","HT1093"
"P19404","HT927"
"P19405","HT602"
"P19435","HT1680"
"P19476","HT2295"
"P19492","HT2296"
"P195","HT1669"
"P19545","HT2136"
"P19546","HT2139"
"P19547","HT2139"
"P19555","HT2179"
"P19556","HT2179"
"P19557","HT2179"
"P19558","HT2179"
"P19559","HT2179"
"P19560","HT2179"
"P19561","HT2179"
"P19562","HT2179"
"P19563","HT2179"
"P19564","HT2179"
"P19565","HT2179"
"P19566","HT2179"
"P19567","HT2179"
"P19568","HT2179"
"P19569","HT2179"
"P19570","HT2179"
"P19571","HT2179"
"P19572","HT2179"
"P19573","HT2179"
"P19574","HT2179"
"P19575","HT2179"
"P19576","HT2179"
"P19577","HT2179"
"P19578","HT2179"
"P19579","HT2179"
"P19580","HT2179"
"P19581","HT2179"
"P19604","HT2180"
"P19620","HT2182"
"P19621","HT2187"
"P19622","HT2187"
"P19623","HT2186"
"P19629","HT2188"
"P19632","HT2189"
"P1964","HT928"
"P1965","HT929"
"P19677","HT2271"
"P19678","HT2271"
"P19681","HT2272"
"P19689","HT2275"
"P19690","HT2275"
"P19691","HT2275"
"P19698","HT2276"
"P19699","HT2280"
"P19700","HT2280"
"P19709","HT2288"
"P19711","HT2289"
"P19713","HT2290"
"P19715","HT2291"
"P19746","HT2330"
"P19752","HT2334"
"P19753","HT2334"
"P19754","HT2334"
"P19758","HT2337"
"P19759","HT2337"
"P19760","HT2335"
"P19784","HT2209"
"P19803","HT410"
"P19806","HT451"
"P19808","HT1841"
"P19809","HT289"
"P19811","HT57"
"P19813","HT2322"
"P19838","HT2231"
"P19839","HT2246"
"P19846","HT1358"
"P19849","HT1741"
"P19850","HT1793"
"P19851","HT1798"
"P19852","HT1789"
"P19853","HT1783"
"P19873","HT232"
"P19882","HT209"
"P19905","HT209"
"P19906","HT193"
"P19910","HT2182"
"P19913","HT451"
"P19915","HT232"
"P19925","HT1709"
"P19929","HT1911"
"P19942","HT1780"
"P19943","HT1659"
"P19944","HT1788"
"P19950","HT2302"
"P19957","HT2303"
"P19958","HT2304"
"P19959","HT2305"
"P19967","HT2308"
"P19968","HT2308"
"P19970","HT2309"
"P19994","HT2312"
"P19995","HT2312"
"P20003","HT2314"
"P20015","HT2315"
"P2005","HT836"
"P20102","HT2325"
"P20107","HT1022"
"P20109","HT1574"
"P20113","HT2316"
"P20117","HT2322"
"P20118","HT2322"
"P20119","HT2322"
"P20120","HT2322"
"P20121","HT2322"
"P20126","HT2323"
"P2014","HT926"
"P20232","HT1841"
"P2024","HT826"
"P20339","HT2326"
"P20396","HT2328"
"P20397","HT2329"
"P2046","HT358"
"P20483","HT2370"
"P20485","HT451"
"P20488","HT1132"
"P20492","HT2139"
"P20581","HT2298"
"P20590","HT2294"
"P20591","HT289"
"P20592","HT410"
"P2065","HT450"
"P20663","HT2327"
"P20686","HT2299"
"P20692","HT2300"
"P20693","HT2301"
"P20701","HT2108"
"P20702","HT232"
"P20703","HT2179"
"P20704","HT1144"
"P20705","HT526"
"P20707","HT1282"
"P20708","HT1796"
"P20709","HT1790"
"P20712","HT527"
"P20713","HT567"
"P20715","HT524"
"P20716","HT1792"
"P20729","HT1756"
"P20736","HT866"
"P20782","HT412"
"P20786","HT197"
"P20788","HT1207"
"P20790","HT2179"
"P20791","HT680"
"P20793","HT1574"
"P20794","HT952"
"P20803","HT729"
"P20804","HT606"
"P20805","HT1597"
"P20807","HT1198"
"P20808","HT860"
"P20812","HT507"
"P20816","HT2179"
"P20817","HT67"
"P20819","HT2012"
"P2086","HT363"
"P20862","HT2297"
"P20863","HT1146"
"P20864","HT1220"
"P20866","HT603"
"P20869","HT31"
"P2087","HT363"
"P20874","HT1745"
"P2088","HT363"
"P2089","HT363"
"P21019","HT211"
"P21260","HT1297"
"P2135","HT922"
"P2136","HT922"
"P21367","HT876"
"P2137","HT922"
"P2138","HT922"
"P21389","HT2179"
"P2139","HT922"
"P2140","HT922"
"P21405","HT552"
"P21406","HT504"
"P2141","HT922"
"P2142","HT922"
"P2143","HT922"
"P2144","HT477"
"P2145","HT477"
"P2146","HT477"
"P2148","HT478"
"P21505","HT1447"
"P21511","HT1210"
"P21518","HT1768"
"P21572","HT763"
"P21575","HT1470"
"P21580","HT700"
"P21581","HT1642"
"P21584","HT1960"
"P21585","HT812"
"P21586","HT1897"
"P21587","HT2399"
"P21613","HT1627"
"P21620","HT1546"
"P21655","HT1333"
"P21756","HT2179"
"P21759","HT855"
"P21760","HT1432"
"P21772","HT591"
"P21775","HT2030"
"P21836","HT1364"
"P21838","HT595"
"P21840","HT24"
"P21841","HT1470"
"P21860","HT116"
"P2193","HT2436"
"P2194","HT2433"
"P2195","HT2434"
"P21956","HT2192"
"P2196","HT880"
"P2197","HT880"
"P21977","HT2065"
"P21979","HT836"
"P21983","HT462"
"P21988","HT543"
"P22000","HT339"
"P22008","HT232"
"P22009","HT344"
"P22010","HT1451"
"P22012","HT619"
"P22014","HT935"
"P22015","HT2246"
"P22016","HT450"
"P2202","HT882"
"P22038","HT411"
"P22039","HT492"
"P2204","HT883"
"P22047","HT933"
"P22049","HT2107"
"P22051","HT1717"
"P22055","HT2310"
"P22056","HT64"
"P2206","HT888"
"P22060","HT220"
"P22061","HT834"
"P22062","HT1520"
"P22063","HT1112"
"P2207","HT888"
"P2208","HT888"
"P22105","HT193"
"P22109","HT209"
"P22121","HT1275"
"P2213","HT891"
"P2214","HT891"
"P2215","HT922"
"P22155","HT2052"
"P2216","HT922"
"P2217","HT922"
"P2218","HT922"
"P22181","HT874"
"P22199","HT635"
"P22233","HT1549"
"P22248","HT262"
"P22249","HT2459"
"P22250","HT1934"
"P22251","HT582"
"P22276","HT769"
"P22282","HT631"
"P22286","HT1472"
"P22287","HT1822"
"P22336","HT999"
"P22337","HT261"
"P22341","HT2428"
"P22349","HT226"
"P22351","HT1142"
"P22353","HT951"
"P22354","HT1408"
"P22355","HT2187"
"P22361","HT71"
"P22362","HT1923"
"P22365","HT741"
"P22390","HT2331"
"P22393","HT876"
"P22394","HT924"
"P22443","HT1447"
"P22444","HT514"
"P22447","HT1987"
"P22473","HT2265"
"P22475","HT195"
"P22476","HT2226"
"P22477","HT1627"
"P22478","HT942"
"P22481","HT2313"
"P22483","HT2043"
"P22485","HT1883"
"P22486","HT542"
"P2249","HT925"
"P22528","HT1579"
"P22533","HT317"
"P22535","HT722"
"P22548","HT1008"
"P22549","HT1628"
"P22550","HT262"
"P22552","HT744"
"P22553","HT2103"
"P22554","HT519"
"P22556","HT622"
"P22558","HT832"
"P22560","HT1153"
"P22561","HT1268"
"P22562","HT1259"
"P22563","HT23"
"P22568","HT1258"
"P22571","HT215"
"P22573","HT25"
"P22574","HT1845"
"P226","HT1199"
"P2263","HT1408"
"P2264","HT1408"
"P2265","HT1408"
"P22652","HT355"
"P22653","HT881"
"P22654","HT1341"
"P22655","HT1126"
"P22656","HT2221"
"P2266","HT1408"
"P22668","HT223"
"P2267","HT1408"
"P2269","HT1409"
"P2274","HT1410"
"P22774","HT1296"
"P2285","HT501"
"P2294","HT814"
"P2295","HT814"
"P2297","HT826"
"P2298","HT826"
"P22981","HT1396"
"P22982","HT86"
"P22984","HT729"
"P22985","HT858"
"P22987","HT34"
"P22988","HT1455"
"P22989","HT2179"
"P2299","HT826"
"P22990","HT1471"
"P22995","HT1594"
"P22998","HT227"
"P22999","HT1553"
"P2300","HT826"
"P23000","HT210"
"P23001","HT507"
"P23004","HT67"
"P2301","HT826"
"P2302","HT826"
"P2303","HT815"
"P2304","HT826"
"P2305","HT826"
"P23058","HT917"
"P23061","HT1178"
"P2307","HT857"
"P23071","HT751"
"P23091","HT1033"
"P23095","HT689"
"P23100","HT450"
"P23103","HT888"
"P2311","HT859"
"P23110","HT2259"
"P23114","HT203"
"P23139","HT112"
"P23143","HT239"
"P2316","HT861"
"P2318","HT874"
"P2319","HT874"
"P2320","HT874"
"P2321","HT874"
"P2322","HT874"
"P2323","HT874"
"P2324","HT874"
"P2325","HT874"
"P23255","HT826"
"P23256","HT1125"
"P2326","HT874"
"P23390","HT2134"
"P23412","HT39"
"P23414","HT1872"
"P23422","HT204"
"P23432","HT193"
"P23438","HT1841"
"P2347","HT877"
"P23516","HT646"
"P23519","HT1916"
"P23524","HT800"
"P2357","HT502"
"P2359","HT503"
"P23615","HT1822"
"P23632","HT1709"
"P23634","HT1147"
"P23636","HT917"
"P2367","HT512"
"P2368","HT512"
"P23681","HT923"
"P23684","HT593"
"P23685","HT217"
"P23686","HT1224"
"P23688","HT1142"
"P23698","HT204"
"P23706","HT1841"
"P2373","HT515"
"P2374","HT516"
"P23868","HT2179"
"P23901","HT213"
"P23911","HT2030"
"P23913","HT2221"
"P23915","HT1142"
"P2392","HT334"
"P23932","HT2179"
"P2395","HT334"
"P2396","HT334"
"P2397","HT334"
"P23970","HT450"
"P23973","HT689"
"P2398","HT334"
"P2399","HT334"
"P2408","HT335"
"P24095","HT1658"
"P24096","HT988"
"P24097","HT764"
"P24098","HT1064"
"P24100","HT753"
"P24102","HT636"
"P24103","HT1386"
"P24109","HT2366"
"P24110","HT1819"
"P2413","HT336"
"P2414","HT337"
"P2415","HT339"
"P2416","HT340"
"P2419","HT341"
"P2421","HT343"
"P2422","HT345"
"P2423","HT346"
"P24263","HT1958"
"P24264","HT2371"
"P24270","HT874"
"P24272","HT193"
"P24277","HT214"
"P24328","HT223"
"P2440","HT117"
"P2441","HT117"
"P2442","HT118"
"P2443","HT119"
"P2444","HT120"
"P24441","HT917"
"P24443","HT317"
"P2445","HT129"
"P2446","HT121"
"P24495","HT1060"
"P24496","HT1357"
"P24497","HT1380"
"P2454","HT470"
"P2455","HT471"
"P2457","HT477"
"P24619","HT1195"
"P24620","HT1361"
"P24623","HT1889"
"P24624","HT776"
"P24662","HT800"
"P2467","HT837"
"P24689","HT1408"
"P24691","HT204"
"P24748","HT2037"
"P2475","HT1550"
"P24755","HT1597"
"P24759","HT992"
"P24760","HT232"
"P24761","HT917"
"P24767","HT2179"
"P24768","HT1574"
"P24771","HT186"
"P24801","HT2030"
"P24802","HT1492"
"P24814","HT1142"
"P24815","HT1958"
"P24818","HT1430"
"P24819","HT1429"
"P24820","HT1748"
"P24821","HT1244"
"P24822","HT1750"
"P24825","HT1695"
"P24826","HT658"
"P24828","HT660"
"P24830","HT932"
"P24831","HT587"
"P24832","HT1551"
"P24833","HT260"
"P24834","HT2428"
"P24835","HT2367"
"P24837","HT741"
"P24839","HT2368"
"P24840","HT1105"
"P24842","HT1142"
"P24845","HT757"
"P24846","HT880"
"P24847","HT1109"
"P24848","HT1161"
"P24850","HT2455"
"P24851","HT2246"
"P24852","HT800"
"P24853","HT999"
"P24856","HT582"
"P24857","HT228"
"P24866","HT757"
"P2491","HT1553"
"P2492","HT1555"
"P2493","HT1555"
"P2494","HT1559"
"P2495","HT1559"
"P2496","HT1559"
"P2497","HT1560"
"P2498","HT1561"
"P2501","HT1564"
"P25010","HT230"
"P25011","HT2428"
"P2502","HT1565"
"P2503","HT1564"
"P2504","HT1566"
"P25040","HT1841"
"P2505","HT1567"
"P2506","HT1568"
"P25060","HT2099"
"P25071","HT1627"
"P25089","HT917"
"P2509","HT1574"
"P25091","HT262"
"P25092","HT2428"
"P25093","HT739"
"P2510","HT1574"
"P25100","HT223"
"P25101","HT2047"
"P25104","HT1897"
"P25108","HT2384"
"P2511","HT1574"
"P25110","HT1991"
"P25113","HT261"
"P25115","HT1492"
"P25118","HT1626"
"P25121","HT451"
"P2514","HT1575"
"P25141","HT800"
"P25143","HT1990"
"P25144","HT2351"
"P25159","HT2083"
"P25164","HT1841"
"P2517","HT1576"
"P25172","HT203"
"P2518","HT1577"
"P25187","HT1822"
"P25189","HT741"
"P2519","HT1578"
"P25191","HT2287"
"P25192","HT1581"
"P25196","HT301"
"P25198","HT1318"
"P2520","HT1580"
"P2521","HT1582"
"P2522","HT1583"
"P2524","HT1584"
"P25265","HT999"
"P25277","HT1736"
"P2531","HT1585"
"P25434","HT209"
"P25492","HT1015"
"P25493","HT1045"
"P25496","HT1868"
"P25497","HT2205"
"P25499","HT2287"
"P2552","HT1586"
"P2553","HT1587"
"P2560","HT1588"
"P2562","HT1589"
"P25695","HT226"
"P25698","HT1163"
"P25724","HT570"
"P25726","HT1992"
"P25727","HT1817"
"P25728","HT541"
"P25729","HT2306"
"P2573","HT838"
"P25730","HT1807"
"P25731","HT218"
"P25732","HT11"
"P25733","HT1963"
"P25734","HT1811"
"P25741","HT891"
"P25748","HT1542"
"P25775","HT123"
"P25776","HT1033"
"P25827","HT800"
"P25830","HT1120"
"P25831","HT1128"
"P25894","HT874"
"P2594","HT839"
"P2595","HT840"
"P26034","HT1686"
"P26040","HT264"
"P26041","HT2269"
"P26046","HT1709"
"P26049","HT1641"
"P26097","HT1114"
"P26108","HT193"
"P26117","HT1447"
"P26127","HT58"
"P26130","HT1325"
"P26142","HT203"
"P26177","HT1641"
"P26181","HT1599"
"P2621","HT941"
"P2624","HT944"
"P2625","HT944"
"P26369","HT1627"
"P26383","HT582"
"P26393","HT2094"
"P2640","HT1542"
"P26400","HT267"
"P26401","HT1763"
"P2641","HT1542"
"P26417","HT185"
"P2642","HT1542"
"P2643","HT1542"
"P2644","HT1542"
"P2647","HT1543"
"P26479","HT2033"
"P26485","HT8"
"P2649","HT1545"
"P2650","HT1544"
"P2654","HT1549"
"P2655","HT1549"
"P26612","HT1656"
"P26637","HT1200"
"P26679","HT112"
"P26686","HT2206"
"P2678","HT1590"
"P26797","HT1881"
"P26798","HT1643"
"P26871","HT2179"
"P26931","HT708"
"P26934","HT1660"
"P26939","HT599"
"P26952","HT2435"
"P26953","HT2441"
"P26954","HT2457"
"P26955","HT1255"
"P26959","HT2179"
"P26962","HT2325"
"P26966","HT2432"
"P26967","HT573"
"P27113","HT1357"
"P27115","HT2179"
"P27117","HT1565"
"P27133","HT317"
"P2715","HT1651"
"P2716","HT1651"
"P2717","HT1655"
"P2718","HT1655"
"P2719","HT1655"
"P27199","HT1559"
"P2722","HT1658"
"P27229","HT209"
"P27266","HT999"
"P27272","HT1710"
"P27274","HT342"
"P27276","HT1424"
"P2745","HT1663"
"P2746","HT1664"
"P27502","HT1971"
"P27506","HT2130"
"P27509","HT1655"
"P2753","HT1665"
"P2757","HT1666"
"P27574","HT1987"
"P27576","HT213"
"P27577","HT450"
"P27608","HT1349"
"P27664","HT800"
"P27735","HT450"
"P27740","HT317"
"P27747","HT410"
"P27752","HT201"
"P2776","HT1667"
"P27785","HT144"
"P2779","HT1668"
"P2781","HT1772"
"P2782","HT1773"
"P2783","HT1774"
"P27835","HT1499"
"P27836","HT57"
"P2787","HT1775"
"P2791","HT1776"
"P27975","HT1626"
"P27978","HT977"
"P27998","HT235"
"P28000","HT1057"
"P28001","HT1400"
"P28002","HT71"
"P28030","HT1699"
"P28033","HT1689"
"P28038","HT888"
"P28041","HT1626"
"P28042","HT1916"
"P28044","HT1817"
"P28119","HT2002"
"P28168","HT537"
"P28170","HT1501"
"P28172","HT1294"
"P28275","HT1235"
"P28276","HT1180"
"P28277","HT2133"
"P28279","HT1121"
"P2828","HT1777"
"P28291","HT1991"
"P28293","HT1947"
"P28294","HT260"
"P28456","HT1114"
"P2848","HT1778"
"P2850","HT1779"
"P28528","HT1025"
"P28632","HT658"
"P28633","HT159"
"P28637","HT572"
"P28645","HT1064"
"P28747","HT1470"
"P2877","HT1781"
"P2878","HT1782"
"P28818","HT2342"
"P28851","HT1626"
"P2895","HT1784"
"P28962","HT1357"
"P29087","HT1458"
"P29150","HT1012"
"P29151","HT2187"
"P29153","HT219"
"P2922","HT1709"
"P2923","HT1709"
"P29235","HT2403"
"P29267","HT2363"
"P2928","HT1670"
"P29323","HT2361"
"P29324","HT2362"
"P2933","HT2444"
"P2934","HT2445"
"P2935","HT2446"
"P2936","HT2447"
"P2937","HT2448"
"P29371","HT2338"
"P29373","HT2339"
"P29374","HT479"
"P29375","HT2340"
"P2938","HT1680"
"P2939","HT2450"
"P2940","HT2450"
"P29408","HT2352"
"P2941","HT1680"
"P2942","HT2451"
"P2943","HT2452"
"P2944","HT1680"
"P2945","HT2453"
"P2946","HT2438"
"P2947","HT2444"
"P2948","HT2438"
"P2949","HT2444"
"P2950","HT2455"
"P2951","HT1680"
"P29523","HT2341"
"P29637","HT2379"
"P29638","HT2381"
"P29640","HT2382"
"P29666","HT1273"
"P29698","HT2369"
"P29699","HT2372"
"P29700","HT2373"
"P29712","HT2364"
"P29725","HT1310"
"P29727","HT523"
"P29734","HT558"
"P29738","HT722"
"P29739","HT751"
"P29742","HT213"
"P29743","HT44"
"P29747","HT193"
"P29748","HT409"
"P29751","HT2360"
"P29752","HT1072"
"P29822","HT1857"
"P29857","HT1255"
"P2986","HT1724"
"P2987","HT1724"
"P2988","HT1724"
"P2989","HT1724"
"P2990","HT1724"
"P2991","HT1724"
"P2992","HT1724"
"P2996","HT1728"
"P2997","HT1728"
"P2998","HT1727"
"P2999","HT1728"
"P3000","HT1733"
"P3001","HT1733"
"P3002","HT1733"
"P3003","HT1733"
"P3004","HT1733"
"P3005","HT1734"
"P3006","HT1736"
"P30086","HT665"
"P3011","HT1737"
"P30200","HT225"
"P30201","HT1827"
"P30286","HT2394"
"P30320","HT2396"
"P3036","HT1739"
"P3037","HT1739"
"P3061","HT1740"
"P30621","HT474"
"P30622","HT989"
"P30624","HT2429"
"P30712","HT216"
"P30787","HT2393"
"P3082","HT144"
"P30838","HT2387"
"P30841","HT625"
"P30843","HT266"
"P30852","HT1672"
"P3099","HT2099"
"P31007","HT332"
"P31008","HT974"
"P31011","HT1243"
"P31438","HT317"
"P31439","HT450"
"P31440","HT1252"
"P31442","HT1969"
"P31444","HT1318"
"P31455","HT1124"
"P31830","HT826"
"P31835","HT410"
"P31841","HT258"
"P31871","HT1538"
"P31881","HT1858"
"P32081","HT2389"
"P32082","HT2390"
"P32083","HT2391"
"P32087","HT2392"
"P32256","HT2086"
"P32496","HT2463"
"P326","HT317"
"P32658","HT267"
"P32667","HT2461"
"P32668","HT2462"
"P32669","HT2428"
"P327","HT317"
"P328","HT317"
"P32861","HT1628"
"P329","HT317"
"P33019","HT708"
"P33105","HT2179"
"P33677","HT2403"
"P33708","HT1255"
"P34401","HT1255"
"P3468","HT1621"
"P35064","HT2403"
"P351","HT317"
"P3510","HT2268"
"P3709","HT1413"
"P3942","HT2431"
"P4240","HT1516"
"P4241","HT196"
"P4389","HT2430"
"P4403","HT793"
"P4442","HT1662"
"P4536","HT1421"
"P4606","HT1456"
"P5073","HT1420"
"P5074","HT1420"
"P5075","HT1420"
"P5077","HT1466"
"P5078","HT1466"
"P5079","HT1463"
"P5080","HT1466"
"P5081","HT1466"
"P5082","HT1466"
"P5083","HT1466"
"P5084","HT1463"
"P5103","HT1412"
"P5104","HT1412"
"P55","HT467"
"P559","HT452"
"P56","HT467"
"P563","HT461"
"P564","HT461"
"P565","HT461"
"P57","HT467"
"P64","HT468"
"P65","HT469"
"P752","HT1197"
"P7890","HT49"
"P7894","HT57"
"P7895","HT57"
"P7896","HT57"
"P7897","HT57"
"P8505","HT57"
"P8506","HT57"
"P8510","HT83"
"P8513","HT84"
"P8514","HT85"
"P8516","HT87"
"P8521","HT92"
"P8522","HT92"
"P8523","HT92"
"P8524","HT92"
"P8525","HT90"
"P8529","HT94"
"P8530","HT94"
"P8531","HT95"
"P8532","HT96"
"P8533","HT98"
"P8534","HT98"
"P8539","HT99"
"P8540","HT99"
"P8541","HT101"
"P8544","HT445"
"P8547","HT480"
"P8553","HT481"
"P8554","HT482"
"P8555","HT483"
"P881","HT913"
"P8811","HT48"
"P882","HT913"
"P883","HT922"
"P884","HT922"
"P885","HT922"
"P8851","HT21"
"P8852","HT21"
"P8854","HT22"
"P886","HT922"
"P887","HT922"
"P888","HT922"
"P898","HT828"
"P8994","HT27"
"P8995","HT27"
"P900","HT830"
"P901","HT831"
"P902","HT830"
"P9036","HT102"
"P9040","HT103"
"P9042","HT104"
"P9044","HT105"
"P9045","HT106"
"P905","HT363"
"P9056","HT233"
"P9058","HT235"
"P9061","HT239"
"P9062","HT239"
"P9063","HT239"
"P9065","HT241"
"P9066","HT241"
"P9067","HT242"
"P9070","HT262"
"P9071","HT262"
"P9072","HT262"
"P9073","HT262"
"P9074","HT262"
"P9075","HT262"
"P9076","HT262"
"P9077","HT262"
"P9078","HT261"
"P9079","HT262"
"P9080","HT262"
"P9081","HT262"
"P9183","HT3"
"P9187","HT4"
"P9189","HT5"
"P9192","HT6"
"P9204","HT7"
"P9245","HT28"
"P9257","HT39"
"P9264","HT9"
"P9268","HT619"
"P9269","HT619"
"P9276","HT620"
"P9277","HT621"
"P9286","HT608"
"P9291","HT611"
"P9292","HT611"
"P9293","HT611"
"P9300","HT534"
"P9301","HT534"
"P9303","HT535"
"P9309","HT601"
"P9315","HT604"
"P9321","HT605"
"P9324","HT607"
"P9376","HT528"
"P9391","HT72"
"P9396","HT79"
"P9397","HT79"
"P9398","HT79"
"P9399","HT75"
"P9400","HT79"
"P9401","HT79"
"P9402","HT79"
"P9403","HT81"
"P9404","HT10"
"P9407","HT12"
"P9410","HT13"
"P9425","HT14"
"P9426","HT15"
"P9427","HT16"
"P9428","HT17"
"P9430","HT18"
"P9431","HT19"
"P9445","HT111"
"P9446","HT112"
"P9447","HT111"
"P9448","HT111"
"P9455","HT113"
"P9474","HT117"
"P9495","HT29"
"P9548","HT47"
"P9549","HT47"
"P955","HT317"
"P9550","HT47"
"P9551","HT47"
"P9552","HT44"
"P956","HT317"
"P957","HT317"
"P958","HT317"
"P959","HT317"
"P960","HT317"
"P961","HT317"
"P962","HT317"
"P963","HT310"
"P964","HT317"
"P965","HT317"
"P966","HT317"
"P967","HT317"
"P968","HT317"
"P969","HT317"
"P970","HT317"
"P971","HT317"
"P972","HT317"
"P9730","HT30"
"P9775","HT59"
"P9778","HT60"
"P9779","HT61"
"P9780","HT62"
"P9782","HT63"
"P9786","HT65"
"P9789","HT71"
"P9790","HT71"
"P9800","HT592"
"P9801","HT592"
"P9823","HT531"
"P9825","HT545"
"P9873","HT532"
"P988","HT450"
"P9880","HT613"
"P9883","HT618"
"P9884","HT618"
"P9885","HT617"
"P9886","HT81"
"P989","HT438"
"P9893","HT317"
"P9894","HT317"
"P9895","HT317"
"P9897","HT317"
"P9898","HT317"
"P9899","HT317"
"P990","HT439"
"P9900","HT317"
"P9901","HT317"
"P9902","HT317"
"P9903","HT317"
"P9904","HT317"
"P9905","HT317"
"P9906","HT317"
"P9907","HT310"
"P9908","HT317"
"P991","HT450"
"P9911","HT525"
"P992","HT445"
"P9932","HT538"
"P9934","HT540"
"P9939","HT547"
"P9970","HT582"
"P9971","HT582"
"P9972","HT582"
"P9979","HT586"
"P9980","HT589"
"P9981","HT589"
